feature	Phocaeicola.vulgatus	Bacteroides.uniformis	Bacteroides.thetaiotaomicron	Faecalibacterium.prausnitzii	Roseburia.faecis	Bacteroides.caccae	Enterocloster.clostridioformis	Bacteroides.fragilis	Fusicatenibacter.saccharivorans	Flavonifractor.plautii	Dialister.invisus	Ruminococcus.bicirculans	Blautia.sp..CAG.257	X.Ruminococcus..gnavus	Dorea.longicatena	Anaerobutyricum.hallii	Enterocloster.bolteae	Eubacterium.sp..CAG.38	Lacrimispora.saccharolytica	Intestinimonas.butyriciproducens	Anaerostipes.hadrus	Anaerotignum.lactatifermentans	Ruthenibacterium.lactatiformans	Lawsonibacter.asaccharolyticus	Clostridium.bolteae.CAG.59	X.Clostridium..symbiosum	Anaerotruncus.colihominis	Agathobaculum.butyriciproducens	Escherichia.coli	Eisenbergiella.massiliensis	Enterocloster.citroniae	Bacteroides.stercoris	Monoglobus.pectinilyticus	Alistipes.putredinis	Parabacteroides.distasonis	Roseburia.hominis	Bifidobacterium.longum	X.Eubacterium..siraeum	Parabacteroides.merdae	Roseburia.inulinivorans	Bacteroides.cellulosilyticus	Bacteroides.ovatus	Blautia.wexlerae	Bifidobacterium.adolescentis	Lachnospira.eligens	X.Clostridium..leptum	Eggerthella.lenta	Bacteroides.xylanisolvens	Phocaeicola.dorei	Enterocloster.lavalensis	X.Eubacterium..rectale	Akkermansia.muciniphila	Acidaminococcus.intestini	X.Ruminococcus..torques	Bacteroides.salyersiae	Sellimonas.intestinalis	Bacteroides.faecis	Roseburia.intestinalis	Collinsella.aerofaciens	Bacteroides.intestinalis	Bacteroides.faecis.CAG.32	X.Ruminococcus..lactaris	Prevotella.copri	Eisenbergiella.tayi	Klebsiella.pneumoniae	Intestinibacter.bartlettii	Erysipelatoclostridium.ramosum	Barnesiella.intestinihominis	Blautia.obeum	Bacteroides.finegoldii	Parasutterella.excrementihominis	Phascolarctobacterium.faecium	Lachnospira.pectinoschiza	Clostridium.sp..CAG.58	Bilophila.wadsworthia	Turicimonas.muris	Proteobacteria.bacterium.CAG.139	Anaeromassilibacillus.sp..An250	Hungatella.hathewayi	Alistipes.finegoldii	Ruminococcus.bromii	Odoribacter.splanchnicus	Butyricimonas.virosa	Oscillibacter.sp..CAG.241	Alistipes.indistinctus	Coprococcus.comes	Gemmiger.formicilis	Holdemania.filiformis	Firmicutes.bacterium.CAG.83	Dorea.formicigenerans	Collinsella.intestinalis	Oscillibacter.sp..57_20	Firmicutes.bacterium.CAG.94	Dielma.fastidiosa	Roseburia.sp..CAG.471	X.Clostridium..innocuum	Haemophilus.parainfluenzae	Veillonella.dispar	Veillonella.parvula	Veillonella.infantium	Streptococcus.salivarius	Enterocloster.aldenensis	Veillonella.atypica	Phocaeicola.plebeius	Paraprevotella.xylaniphila	Bacteroides.eggerthii	Alistipes.shahii	Butyricimonas.synergistica	Haemophilus.sp..HMSC71H05	Eubacterium.ramulus	Coprobacter.fastidiosus	Lactobacillus.rogosae	Phocaeicola.massiliensis	Streptococcus.parasanguinis	Ruminococcaceae.bacterium.D16	Veillonella.sp..T11011.6	Klebsiella.variicola	Bacteroides.galacturonicus	Clostridium.sp..CAG.299	Eubacterium.ventriosum	Bifidobacterium.bifidum	Bifidobacterium.pseudocatenulatum	Coprococcus.eutactus	Eubacterium.sp..CAG.251	Phocaeicola.coprocola	Paraprevotella.clara	Coprococcus.catus
CSM5FZ3N_P	0.423452	0.3129744	0.0681155	0.05292	0.0501599	0.0276801	0.0167866	0.0084419	0.0069868	0.0066888	0.0059637	0.0035843	0.0022225	0.0022185	0.0021649	0.0016705	0.0012372	0.001141	0.0011127	0.0008742	0.0006553	0.0005526	0.0004619	0.0003714	0.0002042	0.0001202	0.0001082	3.51e-05	2.78e-05	2.19e-05	1.92e-05	0	0	0	0	0	0	0	0	0	0	0	0	0	0	0	0	0	0	0	0	0	0	0	0	0	0	0	0	0	0	0	0	0	0	0	0	0	0	0	0	0	0	0	0	0	0	0	0	0	0	0	0	0	0	0	0	0	0	0	0	0	0	0	0	0	0	0	0	0	0	0	0	0	0	0	0	0	0	0	0	0	0	0	0	0	0	0	0	0	0	0	0	0	0	0	0
CSM5FZ3T_P	0.6813581	0	0.1355901	0	0.0024929	0	0.0149612	0.1108387	0	0.006273	0.0003344	0	3.59e-05	0	0.000402	0	0	0	0.0111002	0	0.0002371	0	0	0	0	0	0	0	0	0	0	0	0	0	0	0	0	0	0	0	0	0	0	0	0	0	0	0.0262277	0.0028864	0.0015143	0.0006919	0	0	0	0	0	0	0	0	0	0	0	0	0	0	0	0	0	0	0	0	0	0	0	0	0	0	0	0	0	0	0	0	0	0	0	0	0	0	0	0	0	0	0	0	0	0	0	0	0	0	0	0	0	0	0	0	0	0	0	0	0	0	0	0	0	0	0	0	0	0	0	0	0	0	0	0
CSM5FZ4E_P	0.0015372	0.3943736	0.0230213	0.0315531	0	0.0003421	0.0004849	0	0.0010442	0.0009501	0	0	5.54e-05	0.0027946	0.0011609	0.0060247	0	0.0005596	0.000413	0	0	0	0.0010426	0.000115	0	8.13e-05	0.0003899	0.0002369	0	0	0	0	0	0.0651298	0.0399447	0	0	0.0034085	0.0001212	0	0	0.1652267	0.0003034	0	0	0	0	0.0001661	0.1403921	1.31e-05	0	0	0.0522168	0	0.0075347	0	0	0	6.9e-06	0	0	0	0	0	0	0	0	0	0.0020361	0	0	0.002334	0	0.0015304	0.0009613	0	0	6.7e-05	0	0.0172139	0.0044859	0.0029386	0.0027637	0.002665	0.001497	0.0012589	9.83e-05	9.4e-05	7.29e-05	4.93e-05	2.34e-05	2.26e-05	0	0	0	0	0	0	0	0	0	0	0	0	0	0	0	0	0	0	0	0	0	0	0	0	0	0	0	0	0	0	0	0	0	0	0
CSM5FZ4A_P	0.2647248	0.278589	1.23e-05	0.0065194	0	0.0292607	2.04e-05	0	0.0001282	0.0124108	0	0	0	0	0.0001812	0	0.0001436	0	3.78e-05	8.76e-05	0.0005596	0.0001783	0.0010943	0.0004533	0.0002988	0	1.07e-05	0	0	0.0002824	0	0.2923281	0	0	0.0218526	0	0.0001016	0	0.0166363	0.0012337	0.0004421	0.0339067	1.15e-05	0	0.0007424	0.0001035	0	0	0	0.000638	0.0031218	0.0005437	0	0	0	0	0.010119	0	0.0002567	0	0.0018583	0.0002652	0	0	0	0	0	0	0	0.008466	0.0047026	0.00334	0.0015854	0.0010328	0.0008502	0.0006224	0.0002323	1.4e-05	0	0	0	0	0	0	0	0	0	0	0	0	0	0	0	0	0	0	0	0	0	0	0	0	0	0	0	0	0	0	0	0	0	0	0	0	0	0	0	0	0	0	0	0	0	0	0	0	0
CSM5MCUQ_P	2.09e-05	0.0764754	0.0232697	0.0619741	0	0	0.0005388	0.0021104	0.0016781	0.0021778	0	0.0051821	0	0.000713	0.0021231	0.000317	0.0002277	0	0	0.0081501	7.63e-05	0	0.0089399	0.0002667	0	0.0001582	0	7.32e-05	0.0076006	0.0001158	0.0001276	0.119803	0.0037498	0.0457282	0.0164884	2.6e-05	2.28e-05	0.0143536	0.0687404	0.0025025	0	0	0.0005946	0	0.0042946	0.000991	6.97e-05	0	0.308072	0.0005426	0.0019677	0.0061316	0	0	0	0	0.0518582	0.0020311	0.0014711	0.041201	0	0.0048807	0	0	0	0	0.0002579	0	0.0001035	0	0.0024132	0.0054857	0.0021535	0.0035433	0.0030675	0.0002463	0.0070795	0.0002235	0.0004399	0.012591	0.0054501	0	0.0008213	0.0015558	0	0	0	0	0.0060531	0.0013852	9.7e-06	0.0014144	0	0.0173602	0	0.0012858	0	0	0	0	0	5.57e-05	0	0	0	0	0	0.0015431	0	0.0005739	0	0	0	0	0.0005924	0	0	0	0.0017755	0	0	0	0	0	0	0	0
CSM5MCTZ_P	0.2406737	0.0525194	0.00235	0.1049334	0	0.0342249	0	0.0040196	7.68e-05	0.0008641	0	0.0020722	0	0	0.0023977	0.0001401	3.6e-06	0	0	2.58e-05	0.0226849	0	0.0003821	6.35e-05	0	0	0	0.0003231	0	1.92e-05	8.2e-06	0.0901654	0	0.0532638	0.001178	4.29e-05	0.0002604	0	0.0066471	0.011771	0.0009132	0.0175517	0	0.0002743	0.0123636	0	0	0.0014214	0.003827	2.6e-06	0.012587	0	0	0.0026065	0.0083285	0	0.0028455	4.86e-05	0.0009382	0	0.0023978	0.0035047	0	0	0	0	6.19e-05	0.0318652	0.0006315	0	0.0026251	0	0	0.0012972	9.39e-05	0	0.0001245	0	0	0.0020503	0	0.0039676	0.0001986	6.83e-05	0	0.0006344	0	0.0008496	7.55e-05	0.0025031	0	0.0112551	0	0.0003718	0	0	0.0004531	0	0	0	0	0	0	0.1397921	0.0192527	0.0013185	0.0007016	0.0003169	0.0001118	6.6e-06	0	0	0	0	0	0	0	0	0	0	0	0	0	0	0	0	0
CSM5MCVB_P	0.0109193	0.0133883	0.0003407	0.0026344	0.000101	0.0197981	0	0	0	0.0003422	0	0	0	0.0008872	0	0	0	0	0	0	0	0	0	0	0	0	0	0	0.0710202	0	0	0	0	0.0039577	0.0031406	0	3.98e-05	0	0.0010805	0.0003515	0	0.0008294	2.78e-05	0	0.0002569	0	0	0	0.8387661	0	0.000178	0	0	0	0	0	0	0.0008366	0	0	0	0	0	0	0	0	0	0	0	0	0	0	0	0	0	0	0	0	0	0	0	0	0	0	0	0	0	0	0	0	0	0.0007341	0	0	0	0	0	0	0	0	0	0	0	0	0	0	0	0	0	0	0	0	0	0	0	0	0	0	0	0	0	0	0	0	0	0	0
CSM5MCU4_P	7.69e-05	0.0001189	0	7.78e-05	0.0039997	0	0	0	0	0.0506473	0	0.0080355	0.0002422	0.0024711	0	0	0.0109495	0	0.0113874	8.59e-05	0	0.0254233	0.0008652	0	0.0346338	0.006024	0	0.0010512	0	0	0	0	0.0002855	0	0	0.0132266	0	0	0	0.0026775	0	0	0	0	0.0061284	0	2.82e-05	0	0.7394198	0	0	0	0	0	0	0	0	0	0	0	0	0	0	0.0003864	0	0	0	0	0.0008061	0	0.0160252	0.0014037	0	0	0	0.0004564	0.0009287	0	0	0	0	0.0279924	0	0	0	0	0.0001251	0.0013961	0.0005636	0	0	0	0.0018969	0.0015084	0	0	0	0	0	0	0	0	0	0	0	0	0	0	0	0	0.0268514	0	0	0	0	0	0	0	0	0	0	0	0	0	0	0	0
CSM5MCWA_P	0.0559182	0.0093353	0.0019525	0.0065437	0.0275616	0.0031026	0	0.0001951	0.0266532	0.1159495	0.0016352	0	0	0.0066551	0.0004903	1.1e-05	0	0	0	0	0.0004186	0	0.0001879	0	0	0	0	0	0.156315	0	0	0.0096256	0	0.0033274	0.0033044	2.33e-05	0.0024347	0.0019957	0.00069	0.0001274	0	0.0017974	0.0002709	0.0005422	0.0002966	0.000125	0.0003659	0.0026723	0.0009926	0	0.0032979	0.0057545	0	5.18e-05	0.0001527	0	0	0.0905693	0.0002321	0.0008152	0	0.0004647	0.036844	0	0.0021566	8.19e-05	9.13e-05	0	1.59e-05	0.0029594	0.0006141	6.12e-05	0.0551949	0	0	0	0.0002971	0	0.0273567	0.0007575	9.33e-05	0.0003969	0	0	0	2.88e-05	0	0	0	0	0	0	0	0	0	0.0011332	0	0	0.3066187	0	0	0	1.7e-05	0	0	0.0003479	0	0	0	0	0	0.0006946	0.0009063	0	0	0	0.0004602	0	0	0	0.0012915	0	0	0	0	0	0
CSM5MCWK_P	0.3421063	0.0883773	0.0909234	0.0593656	0.0290363	0.0402102	0	0	0.0001086	0.0024418	0	0	0	4.68e-05	3.47e-05	0	6.53e-05	0.0036456	0	0.0060114	2.56e-05	9e-05	0.0002002	0.0006267	0	0	6.8e-06	0	0.0004614	0	0	0.0128627	0	0.1119891	0.0215566	0.0007445	0	0.0193659	0.0067788	0.0043736	0.0736777	9.03e-05	0	0	0.0018512	0.0001147	0	0.0125392	0	0.000223	0.0052441	0	0	0.0017453	0	0	0	0.008019	9.22e-05	0.0030803	0	0	0	0	0.0003994	0	0	0.0083779	0	0	0.0053585	0.0047614	0	0.0005346	0.0013057	2.9e-05	0.000195	0	0	0.0015634	0.0012931	0.0100513	0	0	0	2.39e-05	1e-05	0.0001499	0	0.0001111	0	0.0126499	0	0	0	0	0.0002758	4.18e-05	0	2.8e-05	9.45e-05	2.02e-05	0	0	0	0	0	0	0	0	0	0	0	0.0001125	0	0	5.3e-05	0	0	0.0002787	0	0	0	0	0	0	0
CSM5MCXB_P	0.0494266	0.0383168	0.0159158	0.0404269	0.295041	0.0052064	0.0001094	0.0183595	0.0270413	0.0006016	0.0012014	0.0092944	0	0.0031417	0.0009067	0.0007609	0	0	0	3.74e-05	0.0049747	0	0.0004947	0	0	6.65e-05	0	2.05e-05	0.0104395	2.19e-05	0	0.1252341	0	0.004099	0.0015537	0.0004549	8.93e-05	0	0.0003092	7.71e-05	0	0.0080724	0	0.0212578	0.0321129	0.0002793	0	0.0437856	0	0	0.0021744	7.18e-05	0	0.0004908	0	0	0	0.0153867	0.0039385	0	0	0.0228776	0.0006871	0.0009693	0	3.17e-05	0	0	0.0139717	2.95e-05	0.0070074	0.0008882	0.0109101	0	0	0.0005687	0.0006521	0	0	0.0073173	0.0003183	0	0	0	0	0	0.0002416	0	0.0010964	0.0002702	0	0.0050205	0	0	0	0	0.0005158	0.0048577	0.0025668	0.000524	0.0001546	0	0.0012959	0	0	0.0008943	0.0081869	0	0	0.0001691	0	0.0002582	0.0001161	0.0014086	0	0.0005527	0	0.0002673	0	0.000224	0.0003594	7.7e-06	0.1147562	0.0049568	0	0	0
CSM5MCXF_P	0.2890513	0.1140813	0.0204663	0.0819038	0.0055964	0.009308	0	0.0249647	0.0011837	0.0154624	0	0	0	0	0.0022052	0	0	0	0	0.0006914	0.0032694	0	0.0001479	0	0	0	0	0	0.0031113	3.49e-05	0	0.0091551	0	0.0366246	0.021599	0	0.0004506	0	0.0288031	0.0039455	0	0.0529283	0	0	0.0047582	0	0	0	0	0	0.1476654	0	0	0	0	0	0	0	0.0014747	0	0	0	0	0	0	0	0.0010303	0	0.0060679	0	0	0	0	0	0	0	0	0	0	0.0160932	0	0.0181715	0	0	0	0	0	0	0	0.0011909	0	0.0103087	0.0004019	0	0	0	0.0002125	0	0	0	0	0	0	0	0	0	0	0	0.000492	0	0	0	0	0	0.0008075	0	0	0	0	0	0.0003302	0	0	0	0	0	0
CSM5MCYU_P	0.0130548	0.0095037	0	0.0615509	0	0.0018505	0	0	0	0.0079969	0	0	0	0	0	0	3.23e-05	0	0	0.0016233	0	0	7.67e-05	0	0	0	0	0	0.000553	0	0	0.0061116	0	0	0.0068691	0.0008152	0.0008481	0	0	0.003232	0	0.0028339	0	0	0.0035844	0.0026738	0	0	0.0153685	0	0.1177675	0.1990121	0	0	0	0	0	0.0009496	0.0005095	0	0	0	0.5056518	0	0	0	0	0	0	0	0	0	0	0	0	0	0	0	0	0	0	0	0	0	0	0	0	0	0	0	0	0	0	0	0	0	0	0	0	0	0	0	0	0.0019457	0.0235309	0	0	0	0	0	0	0	0	0	0	0	0	0	0	0	0	0	0	0	0.0074867	0	0
CSM67U9T_P	0.0072479	0.2768052	0.0492077	0.0008545	8.84e-05	0.0378345	0	0	0.0014969	0.0151485	0.000313	0	0.0004955	0	0.0022421	0	0.0004553	0	0	0	0	0	0.0011245	0	0.0016559	0.0003541	0	0	0	0.0007804	2.57e-05	0.0012429	0	0.0001484	0.1466151	0	0.0028528	0	1.86e-05	0.0046416	0.0216278	0.2168359	0	0	0	0.0139516	0	0.0001748	0.1677048	0	0	0.0006951	0	0.0090534	0	0	0	0	0	2.7e-05	0	0	0.0027382	0	0	0	0.0007537	0	0.0117836	0.0002343	0	0	0	0.0006637	0	0	0	0	0.0004737	0	0	0	0	0	0	0	0	0.0007979	0	0	0	0	2.19e-05	0.0001998	0	0	0	0	0	0	0	6.46e-05	0	0	0	0	0	0	0	0	0	0	5.13e-05	0	0	0	0	0	0	0	0	0	0	0	0	0	0
CSM67U9V_P	0.2022331	0.2785313	0.0232611	0.0260573	0.003759	0.0407175	0	0.0040951	0.0019155	0.001035	0.0004671	0.0406013	0	0	0	0	0	0	0	0.0024178	0.0016814	0	0.0004726	0	0	0	0	0.000638	0.0032855	0	0	0	0	0.1101464	0.016888	0.0034936	0	0	0	0.0008592	0	0.0249847	0.000166	0.0006574	0.0056253	0	0	0.12699	0	0	0.0015459	0	0	0	0	0	0	0.0005969	0.0005362	0	0	0	0	0	0	0	0	0	0.0003591	0	0	0	0.0114365	0	0	0	0	0	0	0.0280511	0	0.0278819	0	0	0.0004032	0.0005312	0	0	0.0070189	0	0	0	0	0	0	0	0	0	0	0	0	0	0	0	0	0	0	0	0	0	0	0	0	0	0	0	0	0	0	5.85e-05	0	0	0	0	0	0	0
CSM67U9X_P	0.6224776	0.0164302	0.0026882	0.0290601	0.0141596	0.0153798	0	0	0.0033351	0.0030109	0.0023605	0	1.61e-05	2.38e-05	0.0046244	0.0009118	3.8e-06	0	0	0	0.0057645	0.0005452	0.0003492	0.0004396	0	0	0	0	0.0002155	2.98e-05	0	0.118023	0	0.0250203	0.0164127	0.0001749	0.0001522	0.0006911	0.0018248	0.0017058	0	0.0032719	0	8.2e-05	0.0029398	0.0001665	0	0.0119829	0.0019684	3.91e-05	0.0106781	5.94e-05	0.0007408	0.0010463	0.0011924	0	0	2.6e-05	0.0009518	0.0001042	0	0.0062678	0.0032172	0	0	0	0	0	0.0002058	0.0408809	0.0005554	0.0022025	3.16e-05	0	0	0.0002026	0.0036048	3.03e-05	0	0.0012265	0	0.0019901	0	0	0	0.0011644	0.0001647	0	0	0.0002405	0	0	0.0006064	0	9.2e-06	0	0	0	0.0003497	0	0	0	0	0	0	4.94e-05	0.0009074	0	0	0.0002896	0.0006465	0	0.0135339	0	0	0	0	0	0	0	1.24e-05	0	0	0	0	0	0
CSM67UCU_P	0.1621761	0.2077613	0.0195264	0.0308859	0.0049263	0	0	0.0145214	0.0010491	0.0006443	0	0.0019608	0	0	4.98e-05	0	0	0	0	0	0	0	0	9.83e-05	0	0	0	0	0.002573	0	0	0	0	0.2534648	0.0281141	0	0.0006729	0.0025625	0	0.0002871	0	0.0035127	0	0.0001519	0.0012025	0	0	0.0184364	0.122372	0	0.0132004	0	0	0	0	0	0	0	5.38e-05	0	0	0	0.0001242	0	0	0	0	0	4.68e-05	0	0.0029768	0	0	0	0	0.0002128	0.0001021	0	0	0.0547111	0	0	0	0	0.0001816	0	0	0	0.0023955	0	0	0	0	0	0	0	0	0	0	0	0	0	0	0	0	0	0.0093135	0	0	0	0	0	0	0	0	0	0	0	0	0.0002133	0.0002331	0	0	0	0	0	0
CSM67UAI_P	0	0	0	0	0.0596053	0	0.1414859	0	0.0010164	0.0360925	0	0	0.0002729	0.0022137	0.0133676	0	0.3296183	0	0	0	0	0	0	0	0.0076826	0.0046979	0	0.0119089	0.2108468	0	0.0153024	0	0	0	0	0	0	0	0	0.0002394	0	0	0.0010007	0	0	0	0.0003312	0	0	0	0.0237683	0	0	0	0	0	0	0.0411183	0	0	0	0	0	0	0	0	0.0006473	0	0	0	0	0	0	0.0022004	0	0	0	0	0	0	0	0	0	0	0	0	0	0	0	0	0	0	0	0	0	0	0	0.002236	0.0357652	5.25e-05	0	0.0447124	3.09e-05	0	0	0	0	0	0	0	0	0	0	0	0	0.0004356	0	0	0	0	0	0	0	0	0	0	0.0003966
CSM79HHO	0	0.0584532	0.0044761	0.050745	0.0041711	0.0169465	0	0.0192583	0.0038206	0	0	0	0	0	0.0017264	1.64e-05	0	7.93e-05	0	0.0013264	0.0002886	0	0.0003026	0.0005254	0	0	0	1.83e-05	0	0	0	0.1768541	0	0.0706212	0.0257344	0.0016287	0	0.1017861	0.0319038	0.0002572	0	0.0009417	0.0001322	0	0.0008402	0.0001068	0	0.0042293	0.195648	0	0.0016268	0.0018387	0	8.94e-05	0	0	0	0.0038938	0.0003513	0	0	0.0003065	0	0	0	0	0	0.0662748	0.0003961	0	0	0	0	0.0006908	3.28e-05	0	0	0	0	0.0366368	0	0.0150596	0	0.0002387	0.0017718	0.0003109	0	0	0.0001306	0.0002912	0	0	0.0012679	0	0	0	0.0001295	0	0	0	0	0	0	0.0036994	0	0	0.0040811	0	0.0001096	0	0.0013966	0	0	0	2.19e-05	0	0	0	0	0	0	0	0	0	0.0007509	0	0
CSM67UH7	0.1434543	0	0.0543085	0.0279109	0.0021619	0.0290262	0	0.0151308	0.0026683	0	0	0.0003296	0	0	0.0013173	0.0004339	0	0.0003673	0	0	0.0127818	0	0.0006165	0	0	0	0	3.7e-06	0	0.0034834	0	0	4.9e-06	0.0026133	0.0061198	0.0002458	0	0.0003821	0	0.0062824	0.0022464	0.0036295	0.0006827	0	0.0046012	6.48e-05	8.92e-05	9.02e-05	0	0	0.0046939	0.5406486	0	0.0025695	0	0	0	3.3e-05	0	0	0	0	0	0.0001307	0.0003247	0	0	0	0.0004548	0	0.0380165	0.0278963	0.0046287	0	2.02e-05	0.0034926	0.0042699	0	0	0.0172796	0	0	6.35e-05	0	0.0020223	0.0022545	0.0022043	0.0023999	0.0007802	0.0003911	0	0	0	0	0	0	0.0006715	0	0	0	0	0	0	0	0	0	0	0.000174	0	0	0	7.66e-05	0.0172376	0	0	0	5.77e-05	0	0.0017947	0	0	0	0	0	0	0	0.0002858
CSM79HH2_P	0.1225181	0.0505726	0.0206126	0.0063406	0.0069072	0.006308	0.0057499	0.001397	0.0006306	0.0397796	0.0005087	0	0	0.000161	0.0005471	0.000372	0.0012445	0	0	0.0058936	0.000312	0	0.0008034	1.44e-05	0	0	4.37e-05	0	0.0071834	0	4.94e-05	0.0266705	0	0.0073308	0.0228034	0.001507	0.000201	0.0001052	0.0030321	6.59e-05	0.0524859	0.0007857	0.0001843	0.0017624	0	0.0006839	0	0.0705486	0.0024465	0.0001359	0.0048085	0.001733	0.1458072	7.44e-05	0.0059819	0	0.0043736	0	0.0003376	0	0.0042384	0	0.0092941	0	0	0	0	0.000224	0	0.004926	0.0101232	0.0020276	0.0017372	6.4e-06	0.0006562	0.0014816	0.0381604	0	2.79e-05	0.0242269	0.0003692	0.0189053	0.0008425	4.2e-06	0.0095084	0.0002017	0	0	0.0007612	0	0	0	0	0	0	0	0	0	0	0	0	0	0	0	0	0.0002167	0.0026495	0	0	0	0	0	0.0061554	0	0	0	0	3.14e-05	0	0	0.0001163	0	0	0	7.82e-05	0	0
CSM79HG7_P	0.3917398	0.0857846	0.010416	0.0536821	0	0	0	0.0225965	0.0109445	0	0	0.027522	0	0	0.0002474	0.0007177	0	5.7e-05	0	0.0054264	0.0014804	0.0011088	0.0015704	0.0002861	0	0	0	0.0007399	0	0	0	0	0.0024664	0.1353997	0.0148649	0.0002368	0.0073404	0.006727	0.0331387	0	0.0062038	0.0065632	0	0	0	0	0	0.0197948	0.0013483	0	0.0008714	0	0	0.000123	0	0	0	0.000237	0.0006708	0	0	0.0003799	0	0	0	0	0	0	0.0001534	0.0095781	0	0	0	0.0019024	0	0	0	0	0	0	0.0038904	0.0171095	0	0.0146907	0	0.0038555	0.0005544	0.0005568	0	0	0	0.0227497	0	0	0	0	0	0	0	0	8.12e-05	0	0	0	0.0011932	0	0.0408413	0	0	0	0	0	0	0	0.0014237	0	0	0	0	0.0008103	0	0	0	0	0	0	0
CSM79HHW	0.5670045	0	0	0.0019494	0	0.0522601	0.0001119	0.0145727	0	0.0051351	0	0	7.79e-05	0.061072	0	0	0.0048825	0	4.3e-06	0	0.0049215	0	0.0004332	2.36e-05	0	0	0	0.0002484	0	0.0012285	0	0	0	0.0632094	0	0	0	0	0	0	0	0.0557684	0.0002344	0.0008046	0	0	4.66e-05	0.0037713	0.1254884	0	0.0117113	0	0	0	0	0.0002591	0	0	0	0	0	0	0	0.0010782	0	6.05e-05	0.0038722	0	0	0	0.0050702	0.000689	0.0118326	0	8.91e-05	0	0.0001627	0	0	0	0	0	0	0	0	0	0	0	0	0	0	0	0	0	0	0	0	0	0.0003686	0	0	0	0.0005778	0	0	0	0	0	0	0	0	0	0	8.15e-05	0	0	0	0	0	0	0	0	0	0	0	0	0
CSM79HHW_P	0.5662487	0	0	0.0019579	0	0.0466956	0.0002998	0.0147551	0	0.0049087	0	0	0.0001202	0.0665287	0	0	0.0032289	0	7.16e-05	0	0.0042983	0	0.0012075	0.0001291	0	0	0	0.0003327	0.0001876	0.0013888	0	0	0	0.0469434	0	0	0	0	0	3.13e-05	0	0.0560837	0.0004834	0.0018294	0	0	0.000143	0.0030829	0.1429425	0	0.0116551	0	0	0	0	0.0004169	0	0	0	0	0	0	2.34e-05	0.0012746	0	0	0.0027732	0	0	0	0.005144	0.0005013	0.0117617	0	0.0002416	4.26e-05	0.0001954	0	0	0	0	0	0	0	0	0	0	0	0	0	0	0	2.02e-05	0	0	0	0	0	0	0	0	0	0.0003734	0	0	0	0	0	0	0	0	0	0	8.17e-05	0	0	0	0	0	0	0	0	0	0	0	0	0
CSM79HKX	0.2663797	0.2046744	0.0551058	0.0697971	0.0085053	0	0	0.0010765	0.0004527	0.0018143	0	0.0005363	0	0	0.0003207	0	0	0.0009355	0	0.000155	0	0	0.0001507	0.0008037	0	0	0	0	0.0585223	0	0	0.0812572	0	0	0.0150936	0.0020873	0	0	0	0.0134329	0.008416	0.0068476	0	0	5.66e-05	0	0	0.0453757	0	0	0.0062517	3.41e-05	2.58e-05	0.0003236	0	0	0	0.0626132	0.0003973	0	0	0	0	0	0	0	0	0	0.000101	0	7e-06	0.0003704	0.0005863	0.0010327	0.000244	2.06e-05	0.0009875	0	0	0	0.002226	0	0.0002475	0	0.0001325	0	0	0	0	0.0001422	0	0.0049174	0	0	0	0	4.53e-05	0.0001281	0	2.54e-05	0	0	0	0	0	0	0	0.0004036	0	0	0	0.0001837	0.0575336	0	8.3e-06	0	0	0	0	0.0148211	0	0	0	0	0	0	0
CSM79HNE	0	0	0	0.0480019	0	0	0	0.0930662	0.001715	0.0005678	0.0002805	0	0	4.58e-05	0.0008076	0	0	0.0004997	0	0	0	0.0026125	0	0	0	0	0	0	0	0.0023848	0	0	7.44e-05	0.0602108	0	0.0007563	3.64e-05	0	0	0.0051172	0	0.0195732	0.0014718	0.0006009	0.002563	0	0	0	0	0	0.0263755	0	0	0	0	0	0	0.7256266	0	0	0	0	0	0	0	0	0	0	0	0	8.26e-05	0	0	0.0001292	0	5.98e-05	0.0025196	8.44e-05	0	0	0	0	0	0	0	0	0	0	0	5.35e-05	0	0	0.0001361	0	0	0	0	0	0	0	0	0	0	0	0	0	0	0	0	0	0	0	0	0	0	0	0	0	0.001105	0	0	0	0	0	0	0	0.00021
CSM79HJI_P	0.1383896	0.0455447	0.0057122	0.0319844	0.0531472	0.0230796	0	0.0427047	0.000821	0.0039377	0.0041436	0	0	0.0248564	0.0404859	0.0011868	0.0343084	3.98e-05	0	0.0003081	0.0014555	0	6.36e-05	0	0	0	0	0.0003862	0.1777863	0	0	0.047199	0	0.037318	0.0284386	0.0007659	0.0003879	0.0006026	0.0022515	3.62e-05	0	0.0333472	0.0094326	0.0006947	0.0002512	0.0021133	0	0.024477	0.0027927	0	0.0003836	0.0021309	4.7e-05	0.0004189	0	0	0.0041038	0.0074812	0.0003874	0	0.0047251	0	0.0884526	0	0	0.0005904	0	0	0	2.56e-05	0.001867	0.000428	0.0009511	2.55e-05	0.0002788	0.0001995	0.0002841	0	0.0003492	0.0304515	0.0001776	0.0041589	0	0	0	0.0001015	0	5.69e-05	0.0012565	0	0	0.0006611	0	0	0	0	0	0	0.0001755	0	0	0	0	0	0	0.0135463	0.0002455	0	0	0	0	0	0	0	0	0	0	0	0	0.0001742	0.000356	0	0	0	0	0	0
CSM79HNY_P	0.3170311	0.2683874	0.0655762	0.0367754	0.0001753	0.0079396	0	0	0.0016493	4.43e-05	0	0	0	0	0.0008013	0	0	0	0	0	0.000879	0	0	0.0029056	0	0	0	8e-05	0	0.0252756	0	0	0	2.06e-05	0.0003749	0.0010229	0	0.0197633	0.0333584	0.0014099	0	0.0417388	0	0	0.0066697	6.25e-05	0	5.63e-05	0	0	0.0532313	0.0176279	0.0199167	0	0	0	0	0	0	0.0495845	0	0.0048626	0.0019592	0	0	0	0	0	0.0112053	0	0.0020835	0.0019372	0	0	0	0	0	9.84e-05	0	0	0	0.0021653	0	0	0	0.0007058	0	0	0.0003594	0	0	0	0	0	0	0	0	0	0	0	0	0	0	0	0	0.0002306	0	0	0	0	0	0	0	0	0	0	0	0	0	0	0	0	0	0	0	0	0
CSM7KOP6	0.0770025	0.2227161	0.0369984	0.0361922	0	0	0	0	0.0014075	0.0014721	0	0.0011895	0	0	0.0011962	0.0002224	0	0.0009463	0	0.0001774	0.0005343	0	0.0004533	0	0	0	0	0	0.0008966	0	0	0.0680717	0.0011933	0.0846847	0.0563171	0	0	0.0080446	0.0250948	0.0002982	0.0586626	0.0241099	0.0001769	0	0.0062895	0.0003892	0	0.0008867	0.0231462	0	0.003	0	0	0.0018111	0	0	0	0	0.0009393	0	0	0	0	0	0	0	0	0	0.0006506	0	0.0004067	0.0005365	0.0030124	0.0001583	0.0001501	0.0001086	0.0062024	0	0	0.1589273	0.0128169	0	0	0.0004316	0	0.0005822	0	0	0	0.0002259	0	0	0	0.0026454	0	0	0	0	0	0	0	0	0	0	0	0	0.0020923	0	0	0	0	0	0.0412798	0	1.47e-05	0	0	0	0	0	0	0	0	0	0	0	0.0009769
CSM7KOQP_P	0	0	0	0	0	0	0	0	0	0	0	0	0	0.0353117	0	0	0	0	0	0	0	0	0	0	0	0	0	0.0095336	0.4053641	0	0	0	0	0	0	0	0	0	0	0	0	0	0.0070473	0	0.015236	0	0	0	0	0	0	0	0	0	0	0	0	0	0	0	0	0	0	0	0	0	0	0	0	0	0	0	0.3323238	0	0	0	0	0	0	0	0	0	0	0	0	0	0	0	0	0	0	0	0	0	0	0	0	0	0.100052	0	0	0	0.0512427	0	0	0	0	0	0	0	0	0	0	0	0	0	0	0.0327161	0	0	0	0	0	0	0	0	0
CSM79HQR_P	0.1303885	0.0179085	0.0010957	0.3043395	0.0759509	0.0071339	0	0	0.0047049	0	0	0	0	0	0.0034414	0.0030383	0	0	0	0	0.0389202	0	0	0	0	0	0	0.0022257	0.0116284	0	0	0.021336	0	0	0.0050182	0.0115364	0	0	0.0102394	0	0	0.0099567	0	0	0.1202282	0	0	0	0	0	0.0362198	0	0	0.0214208	0	0	0	0	0	0	0	0.0084405	0	0	0	0.0018928	0	0	0.0042714	0.0189291	0	0	0	0.0017925	0	0	0	0	0	0	0	0	0	0	0	0	0	0	0	0.0006844	0	0	0	0	0.0015937	0	0.0543886	0	0.0307661	0	0.0013085	0	0.0084569	0	0	0	0	0	0.0118563	0	0	0	0	0.0007946	0	0	0	0	0	0.0028274	0	0	0	0	0	0	0
CSM7KOTO	0.1052158	0.0844468	0	0.0569785	0	0.0269678	0	0	0	0.0017889	0.0006369	0	0	0.0014701	0.0015217	0	7.53e-05	0	0	0	0	0	0	0.0003526	0	0	0	0	0	0	0	0.30774	0	0	0.0244534	0.0028601	0.0028082	0	0	0	0	0.0723069	0	0	0.0149682	0	0	0	0	0	0.1177809	0	0.0385413	0	0	0	0	0	0.0095321	0	0	0.0004693	0	0	0	0	0	0	0.0033298	0	0.0001801	0	0	0	0	3.57e-05	0.0048657	9.34e-05	0	0	0	0	0	0	0	0	0	4.61e-05	0.0032887	0	0	0	0.0023521	0	4e-06	0	0	0	0	0	0	0	0	0	0	0	0	0	0	0	0	0	0	0	5.39e-05	0	0	0	0	0.0042565	0	0	0	0	0.1104972	0	0
CSM7KOQ5_P	0.6450863	0.0047908	0.0001025	0.1935195	0.0002799	0.0007833	0	7.54e-05	0.000301	0.0214778	0.0011334	0.0061594	0	0.0002113	0	0	0.0002557	0	0.0005049	0	0.0068538	0	0.0001493	0	0.0006192	0.0007643	0	9.13e-05	0.0001386	0	0	4.84e-05	0	0.0024359	0.000487	0.0125895	0.0005814	0	0.0005317	0.0090385	0.0003981	0.0002732	0.002636	0	0	0	0.0001055	0.0009186	0	0	0.0474627	0	0	0	0	0	0	0.0003068	0	0	0	0	0	0.0026879	0	0	0	0.0001257	0	0	0.0017596	5.47e-05	0.0007331	0	0	0.0011504	0.0232711	0.0010131	0	0	0	6e-05	0	0	0	0	0	0	0	0.0013209	0	0	0.0003406	7.05e-05	0	0	0	0	0.0020253	0	0	0	0	0	0	0	0	0	0	0	0	0	0	0	0	0	0	0	0.0002125	0	0	0	0	0	0	0	0
CSM7KOUJ_P	0.3212538	0.1657213	0.1000687	0.0144224	0.0006878	0.0887793	0	0	7.61e-05	0.0001213	0	0.0015227	0	0	0	9.1e-06	0	0.0007675	0	0	0.0005891	0.0006441	7.38e-05	0	0	0	0	0	0	0	0	0.0003228	0	0.0002857	0.0163871	0.0017284	0	0	0.0001056	0.0013539	0	0.00155	0.0001927	4.04e-05	0.003372	0	0	0.0052125	0.0746398	0	0.0002652	0	0	9.46e-05	3.1e-06	0	0	0	0	0	0	0.0014348	0.0027207	0	0	0	0	9.31e-05	0	0.1084963	0.0028786	0.0009813	0	0	0	2.13e-05	0.0002033	0	0	5.51e-05	0	0	0	0	0	0.0001078	0	1.63e-05	0.0023848	0.0010539	0.0006075	0.005181	0	0	0	0	0	0	0	0	0	0	0	0	0	0.0712308	0	0	6.47e-05	0.0017877	0	0	0	0	0	0	0	0	0	0	0	0	0	0	0	0	0.000242
ESM5MEDZ_P	0.4921725	0	0	0.1498459	0	0	0	0	0.0054436	0.0004387	0	0	0	0.0036762	0.0008995	0	0.0001657	0.0001102	0	0	0.0028056	0	0	0	0	0.0004733	0	0.001513	0	0	0	0	0	0	0.0667261	0	0	0	0	0.000541	0	0.0828292	0.0009189	0	0.0004957	0	0	0.0646316	1.52e-05	0	0.0300229	0	0	0	0	0	0.0680854	0	0.0003662	0	0	0	0	0	0	0	0	0	0.0018118	0	0.0074148	0	0	0	9.08e-05	3.26e-05	0.000397	0	0	0	0	0	0	0	0	0.0022056	0	0	0	0	0	0.008599	0	7.4e-06	0	0	0.0007464	0.0017627	0.0003861	0.0008321	0.0001529	0	0.0007967	0	0	0	0	0	0	0.0005918	0	0	0	0	0	0.0007151	0	0	0	0	0	0	0	0	0	0	0.0002901
ESM5GEYU_P	0.3862407	0.1037689	0	0.0569085	0.0379886	0	0.0002872	0.1330905	0.000641	0.0415085	0.005621	0.0005622	0	0.0001266	0	0	0.0142659	0.0003284	0	0	0.0024469	0.0056479	0.000193	0	0	0.0157409	3.7e-06	0.0002304	0.0188059	0.0005793	0.0001253	0.0002108	0	0	0.000846	0.0009884	0.0003574	0	0	0.0011531	0	3.68e-05	0.0015959	0	0.0008272	0.0005349	0.0003925	0	0	0.0008098	0.055164	0	0.000281	0.0010196	0	0.0006914	0	0.0012204	0	0	0	0	0	6.98e-05	0	0.0001199	0	0	0	0	0.0309917	0	0.0043387	0	0	0.000504	0.0018076	1.21e-05	0.0027716	0	0	0	0	0	0	0	0.0001421	0	0.0001053	0	0	0	0	0.0001603	3.1e-06	0	0.0045356	0.00238	0.0400484	0.0003438	0	0.0001565	0.003368	0	0	0.0062936	0	0	0	0	0	9.4e-05	8.86e-05	0.000104	0	0.0002383	0	9.86e-05	0	0	0	0	0	0	0	0	0
ESM5GEYX_P	0.0620347	0.1104529	0	0.152679	0.0320752	0.0220216	0	0	0.0154958	0	0.0035524	0	0	0	0.0030002	0	0	0.0008478	0	0	0	0	0.0004355	0	0	0	0	0.000286	0	0	0	1.85e-05	0.0016047	0.0897888	0.0419258	0.0002012	0	0.0237936	0	0.0013741	0	0.0456952	0	0	0.006602	0.0005389	0	0.0002785	0.0703016	0	0.0007751	3.93e-05	0	0.0006871	0	0	0.0228978	0.0019295	0.0008009	0.0093353	0.0123174	0	0	0	0.0068784	0	0	0.0362006	0.0007389	0	0	0.0004281	0	0.0012522	1.01e-05	0	0	0	0	0.0496246	0	0.0096393	0.0005833	0.0071075	0.0019082	0.0027105	0.0010442	0	0.0011587	8.22e-05	0	0.032402	0	0	0	0	0.0015019	0	0.0044902	2.55e-05	0.0020124	0	0.0020133	0	0	0	0.0018608	0	0	3.25e-05	0	0	0.0524262	0.0018292	0	0	0.0127378	0	0	0	0	0	0	0	0	0	0
ESM5MEEJ_P	0.3154922	0.1326733	0.0635696	0.1513316	0.0741598	0.0133768	0	0	0	0.0103652	0.0013825	0	0	0	0.0003008	0	1.72e-05	0.0026503	0	0	0.0015831	0	3e-05	0	0	0.0005717	0	5.94e-05	0	0.0002191	6.56e-05	0	0	0	0.1037012	0.000381	0.0007236	0	0.0210678	0.0019144	0	0.0349156	3.91e-05	0.0007154	0	6e-06	0	0	0.0380321	0.0001233	0	0	0	0	0.0136379	0	0	0.0007391	0.000349	0	0	0	0	0	0	0	0	0	0	0	0.0015698	0	0	0	0	1.27e-05	8.17e-05	0	0.0001505	0	0	0	0	0	0	0.000224	0	0	0	0	0	0.0072529	0	7.4e-05	0	0	0.0001201	0	0.000493	1.33e-05	0	0	0.0016296	0	0	0	0	0	0.0002781	0	0	0	0.0026975	0	0	0	0	0	0	0.0010977	0.0001115	0	0	0	0	0	0
ESM5GEYY_P	0.2008645	0.0001581	0.0822842	0.1014821	0	0.0452422	0	0.1829292	0	0.0051991	0.0004398	0	0	0.0007892	0.0002001	0	0.0017105	0	0	0.000199	0.0011477	0	0.0006312	0	0.0006678	0.0012522	0	0.0024052	0.0047886	0.000647	0.000429	0	0	0.0052096	0	0	0.0005613	0	0.0186709	0.0057181	0.0369545	0.0005989	2.08e-05	0	0	0	0	0.0357304	0.0232646	0	0	0	0	0.00427	0	0	0	0	0.0002463	0	0	0	0.0482281	0.0003953	0.0620615	0.00024	0	0	0	0	0	0	0	0.0002427	0.0010302	0	0	0	0	0.0055228	0	0.0270405	0.0018103	0	0	0	4.5e-05	0	0	0.0004403	0	0.0182624	0	0	0	0	0.0033245	0.0001632	0.0223427	0.000133	0.0009616	0	0.000208	0	0	0	0	0	0.0014217	0	0	0	0	0.0004727	0	8.89e-05	0.0269734	0	0	0	0	0	0	0	0	0	0
ESM5MEAB_P	0.1293031	0.0583996	0	0.1535095	0	2.94e-05	0.0011586	0	0	0.0045118	0.00015	0	0	0.0060998	0.0034276	0.0001846	0.0048944	0	0	0	0	0	0	0	0	0	0	0	0.0023611	0	0	0.353716	0	0.0004489	0.0002649	0.0057437	0	0	0.1026907	0	0	0.0382856	0.0017719	0	0.0447217	0	0	9.87e-05	0	0	0	0	0.0540308	0	0	0	0	0	0.0050467	0	0	0	0	0	0	0	0	0.0001114	0	0.0001015	0	0.0051092	0	0	0	0	0	0	0	5.64e-05	0	0.0003763	0	0	0	0	0	0	0.0014774	0	0	0	0	0	0	0	0.0052146	0.0009455	0.0006005	2.72e-05	0.0039511	0	0	0	0	0	0	0	0	0	0	0	0.00032	0.0041064	0	0	0	0	0	0	0	0	0	0	0	0	0
ESM5MEDN	0	0.058736	0.0002446	0.058528	0.002028	0.0419666	0	0.0197107	0.0125918	0.0051339	0	0	0	0	0.0002307	0.0057011	0.0006299	0	1.58e-05	0	0.0007788	0.0001692	0.0027888	0	0.0001853	0	0	9.92e-05	0.0002143	0	0.0002151	0.3223827	3.74e-05	0.0710923	0	0	0	0	0.0004679	0	0	0.0017576	5.07e-05	0	0	0.0025683	0	0.0036834	0.2668702	0.0003407	0.0161843	0.0035165	0	0.0145822	0	0	0.0093405	0	0.0045459	0	0.0013109	0	0	0	0.0006009	0	0	0	0.0007261	0	0.008811	0.0116938	0.0011009	0.002459	0.0004305	0.0006487	0.0003211	2.7e-05	0.0006025	0.002318	0	0.0096277	0.0010343	0	0	0.0055376	0	0	0.0062693	0.0009687	0	0.0002097	0	0	0	0	0	0	0	0	0.0021866	0	0.000362	0	0	0	0.0095735	4.15e-05	0	0	0	0	0	0.0016475	0.000827	0	0.0005881	0	0	0.0005222	0	0	0	0	0	0	0.0003216
ESM5MEB9_P	0.2852447	0.0037912	0.0433505	0.0736737	0.0009067	0.024498	0	0	0.0037501	0	0	0	0	0	0.0108068	0.0012221	0.0008421	0	0	0	0.0017237	0	0.0066686	0	0	0.0002865	0	0.0008203	0.0149837	0	0	0.0014335	0	0	0.092051	0	0.0059535	0	0.0036007	0.0156275	0	0.0674543	0	0.0024974	0	0.0004394	0	0.0054078	0	0	0.0070094	0	0	0.0175307	4.2e-06	0	0	0	0.003504	0	0	0	0.1941778	0	0	0	0	0	0.0158157	0	0	0	0	0	6.89e-05	0	0	0	0	0	0	0	0	6.39e-05	0	0.0026986	0	0	0	0.0036434	0	0	0	0	0	0	0.02369	0	0.0001011	0	0	0	0	0.0236394	0	0	0	0	0.0026374	0.000135	0	0	0.000573	0	0	0	0	0	0	0.0002192	0.0025572	0	0	0	0.0027311	0	0
ESM7F5AE_P	0.1134486	0.151329	0.012913	0.0377059	0.0027879	0.0240985	0	0.0050285	0.0032421	0.0040283	0.0007818	3.13e-05	3.69e-05	0.0008661	0.0017965	0.0006941	0.000114	0.0001126	0	0.0018009	0.0034105	0	0.0013673	0.0001931	0	0	0	0	8.82e-05	0	0	0.0253876	0	0.0266137	0.0572149	2.44e-05	0.0033362	0.0013887	0.0008536	0.0023213	0.0042218	0.010415	0.0001917	0	0.0004171	0.0049772	0	0.0018111	0.045067	0	0.0044317	0.0009837	0.0001117	0.002332	0.0007491	0	0.0045147	0.0010103	0.0007284	0	0.0080085	0.0005492	0.3523854	0	0	0	1.02e-05	0.0118403	0.0024344	0.0024361	8.27e-05	0.0084266	0.0003133	8.3e-05	0	0	2.85e-05	6.8e-05	2.53e-05	0.0019971	0	0.0049781	0	0	0	0.0007411	0	0	0.0003767	0.0002017	0.0001812	0.0008056	0	0	0	0	5.6e-05	0	0	0	0	0	0	0.001938	0.0066324	0.0009591	0.000762	0	0.0001518	0	0	0	0.0018512	0.0001347	0	0	0	0	0	0.0002025	0	0.0014816	0	0.0020435	0.0016874	7.36e-05	7.64e-05
ESM5MEC7_P	0.460292	0.130777	0.0006466	0.031661	0.0064128	0.0082896	0	0.0350534	0.0009425	0.0118711	0.0004158	0	0	0.0011646	0	0	0	0.0011466	0	5.4e-06	0.000813	0	0	2.28e-05	0	5.88e-05	0	0	0.0080331	0	0	0.0527069	0	0.0130767	0.0449004	0.0011517	0.0002626	0.0001799	0.0037331	0.0007806	0	0.0002243	0.0003652	0.0007249	5.05e-05	7.17e-05	0	0.0658891	0.0060702	0	0.0013335	8.75e-05	0	0.0009485	0	5.82e-05	0.0067514	0.0459009	0.0010293	0	0.0084999	0	0.014029	0	0.0008388	1.58e-05	0	0.0002009	0	0	0.0021972	0.0014196	0.0034908	7.1e-05	8.83e-05	0.000446	0.0002548	0	0.0015783	0.0070629	0.0008993	0.0042896	0	0	0	0.0010772	0	0.0003046	0.0001151	6.8e-06	0	0	6.83e-05	0	0	0.0005447	0.0005894	0	0.0015465	0	0	0	0.0002365	0	0	0.0001736	0.0015967	0	0	0	0	9.85e-05	0	6.2e-05	7.13e-05	0	0.0001969	0	0	0	0	0	8.58e-05	0	8.1e-06	0	0
ESM718U9_P	0.099602	0.0080782	0.0116991	0.0297845	0.0016783	0	0	0.241012	0	0.0278033	0	0	0	0	0.0004255	0	0	0	0	0	0.0003579	0	0	0	0	0.0008131	0	0	0.0756225	0	0	0.1564317	0	0	0.0080943	0	0	0	0.0022796	0	0	0	0	0	0	0	0	0.0209649	0	0	0	0.2372379	0	0	0	0	0	0	0	0	0	0	0	0	0	0	0	0	0	0	0.0098261	0.0005694	0	0	0.0005827	0.0007769	0.0222482	0	0.0017045	0	0	0	0	0	0	0	0	0	0	0.0032811	0	0	0	0	0	0	0	0	0.0043784	0	0	0	0	0	0	0	0	0	0	0	0	0	0	0	0	0	0	0	0	0	0	0	0	0	0	0	0
HSM5FZBQ_P	0.2141256	0.045541	0	0.005777	0	0	0	0.0148382	0	0.0003914	0	0	0	0.0155104	0	0	0.0036188	0	0	0	0.0073651	0	0	0	0	0	0	0	0.0114402	0	0	0.0012303	0	0.0276264	0.0813915	0	0	0	0	0	0	0	0	0	0	0	0	0.0046672	0	0	0.0010646	0	0	0.0010815	0	0	0	0	0	0	0	0	0.5231311	0	0.0028726	0	0	0	0	0	0.0034962	0	0	0	0	0	0	0	0	0.0150569	0	0	0	0	0	0	0	0	0	0	0	0	0	0	0	0	0.0024989	0	0	0	0	0	0.0130727	0	0	0	0	0	0	0	0	0	0	0	0	0	0.001644	0	0	0	0	0	0	0	0	0	0
HSM5MD4U_P	0.0001789	0.8126908	0	0	0.0122776	0	0.019144	0	0	0.027182	0.0031774	0	0.0049679	0.0208725	0	0	0	0	0	0	0	0	0.0061744	0	0	0.0119753	0.0017095	0	0.0150046	0	0	0	0	0	0	0	0.001029	0	0	0.0075197	0	0	0.0035658	0	0	0	0	0	0	0	0	0.0003412	0	0	0	0	0	0.0068037	0	0	0	0	0	0.0179058	0	0	3.98e-05	0	0	0	0	0	0	0	0	0	0	0.0065973	0.0028075	0	0	0	0	0	0	0	0	0	0	0	0	0	0	0	0	0.0001835	0	0	0.0092778	0	0	0	0.0011164	0	0	0	0	0	0	0	0	0	0	0	0	0	0	0	0	0	0	0	0	0	0	0	0
HSM5MD4B_P	7.8e-06	0	0	0.1979018	0.0775638	0	0	0.2671878	0.0017711	0.0107124	0.0009822	0	0	2.06e-05	0	0	0.0002044	0.0060952	0	0	0.0020505	0	0	0	0	0	0	0	0.0004187	0	0	0	0	0	0.280715	0.0009912	0.0005502	0	0	0.0266756	0	0	0.0003891	0	0.0013894	0	0	0	0	0	0.0093681	0.0012462	0	0	0	0	0	0.0155129	0.000175	0	0	0.0005142	0	0	0	0	0	0	0	0	0	0	0	0	0	0	0	0	0	0	0.0001287	0	0	0	0	0	0	0	0	0	3.21e-05	0	0	0	0	0	0.0165915	0.0072431	0.0084002	0.0029167	0.0006308	0	0.0032202	0	0	0	0	0	0	0	0	0	0	0.0002053	0	0.000398	0	0	0	0	0	0.0002172	0	0.0077396	0	0	0
HSM5MD7Z_P	0.417034	0.0988458	0	0.0990415	0.0030649	0.0654944	0	0.053039	0	0.0014884	0.0006096	3.5e-05	0	0.00069	0.0002266	0	0.0001868	0	0	0	0.0001478	0	9.51e-05	0	0	0.000317	0	0.000186	0.0008399	0.0002248	0	0	0	0.1102875	0.0286248	0.008405	0.0005872	0	0.0049227	0	0	0.0106592	0	0	0	0	0	0.018737	0	0	0.0018587	0	0	6.47e-05	0	0	0	0.0002234	0	0	0	0	0	0	0	0	0	0	0.0001054	0.0004338	0.0002871	0	0.0001278	0.000355	0.0005431	6.52e-05	0.0027501	0	0	0	0	0.0225531	0	0	0	0.0003711	0	0	0.0009913	7.91e-05	0	0.0308603	0	0	0	0	0.0020798	0	0.0007967	0	0	0	0	0	0	0	0.0099714	0	0	0	0	0	0	0	0	0	0	0	0	0	0	0	0	0	0	0	0
HSM5MD8A_P	0.1920745	0.122076	0.0127941	0.0016018	0.0403982	0.0766468	0	0.0167974	4.94e-05	0.0029832	0.0018126	4.44e-05	0.0002065	0.0112066	0.0007018	0.0003511	2e-04	0	0	0	0.0029346	0	0.0255802	0	9.38e-05	0	0	0.0001197	0.0105748	0	0	0.0084648	0	0.0013393	0.0231035	0.0726963	0.0038387	0	0.0550904	0.0455491	0	0.0563946	0	0	0.0004209	0.0067331	6.36e-05	0	0.0280911	0	0.0018159	0	0	0.0111193	0	0.0002109	0	0.0044049	0.0156539	0	0	0	0	0.0003152	0	1.87e-05	0.000115	0	0.0005088	0.0196613	0.005163	0	3.93e-05	0	0.0007811	0.0003782	0.0002063	0	0.0004013	0.0076051	0	0	0	0	0	0.0028265	0.0001557	0.0001675	1.84e-05	0.0046859	2.95e-05	0	0	0	0	7.83e-05	0.0024738	0.0013752	0.0022321	0.0006042	0.0002161	0	0.00028	0	0.0004188	0.0335413	0	0	0.0003876	0	0	0	0	0.0020144	0.0002043	8.22e-05	0	0	0	0.010925	5.98e-05	0.0017337	0	0	0	0.0002506	0
HSM5MD82_P	0.1070615	0.0086707	0.0431089	0.1882368	0	0.0284155	0	0.0009717	0.0034139	0.0026325	0.0293266	0	0	0.0017723	0.0007973	0.0030728	0.0019046	0	0.0002253	6.77e-05	0.005343	0	0.0015055	0.0001862	5.7e-05	0.0004026	0.0004973	0.0048106	0.0043958	0.0001583	0.0001236	0.0300838	0	0.0663251	0.01095	5.84e-05	0.0066732	0.0002544	0	0	0	0.0004215	0.0012259	0.0101863	0.0065364	0.0145377	4.2e-05	0.033233	0	0.0004185	0	0.0008727	0	0.0001937	0	1.09e-05	0	0	0.0038288	0	0	0	0.2985565	0.0004062	0	0.0001196	0	0	0.0008182	0	0.0038261	0	0	0	0.0002407	0.0001979	0.0002717	1.72e-05	0.0003552	0.051093	0	0.004438	0	7.5e-06	0	0	0	0.0008426	0.0036318	0.0005082	2.85e-05	0	0	0	0	3.1e-06	0	7.41e-05	7.05e-05	0	6.48e-05	0.0001754	0	0	0	0.0038294	0	0	1.52e-05	0.0001946	0	0	0	0	0	0	0	0	0	0.000153	0.0045684	0	0	0	0	0	0
HSM5MD87_P	0.0002867	0.1141283	0.0070753	0.2396203	0.0358953	0.0592341	0	0.0117476	0.0015885	0.0196742	0.0016474	0.0004025	0	0.0002358	0.0015129	0	0.0002638	0.0023026	0	0	0.0004872	0	0.0002378	0	0	0	0	9.02e-05	0.007416	0	0	0.0755011	0	0	0.0143917	0.0006623	0.0098416	0.0033686	0.0738633	0.0010242	0	0.0930957	0.0001063	0	0	5.6e-05	0	0	0.1358362	0	0.0023302	0	0	0.0002486	0	0	0	0	0.0018038	0	0	0.00275	0.0013042	0	0	4.58e-05	0	0	0	0	0.0056558	0	0	0	0.0001101	0.0016356	0.0345847	9.17e-05	0	0	0	0	0	0	0	0.0013571	0	0.0006845	0	0.0002189	0	0.0019494	0	0.0003712	0	0	0.0003523	0.0003092	0.0027693	0.000252	0.0021593	0	0.0004454	0	0	0	0.0007215	0	0.0004445	0	0	0	0	0.0013633	0.0011586	0.0001013	0	0	0.0006898	0.0209096	0.000601	8.01e-05	0	0	0	0	0
HSM5MD8J_P	0.0493424	0.0380465	0.0288534	0.0154831	0	0	0	0.0118673	0	0.0131086	0	0	0	0.0027536	0.0085072	0	0.0014199	0	0	7.7e-05	0	0.0007964	0.0082254	0	2.32e-05	0.0022263	0.0008508	0	0	0.004049	0	0.3274146	0.0004437	0.0144216	0.0634827	0.029026	0	0	0.0090851	0	0	0.004107	0	0	0	0.0001409	0	2.39e-05	0	9.5e-06	0	0.0341481	0	0.0003364	0	0	0	0	0	0	0	0	0.2506238	0	0	0	0	0	0.0013277	0.023866	5.77e-05	7.12e-05	0	0.0024925	0.0003088	0	0	0	0.0001679	0	0	0	0	0	0	0	8.36e-05	0.0008537	0	0	5.77e-05	0	0	0	0.0001504	0	0	0	0	0	0	0.0003555	0	0	0	0	0.0025196	0	0	0	0	0	0	0	0	0	0	0	0	0	0	4.54e-05	0	0	0	0	0
HSM5MD8F_P	0.2517388	0.0095195	0	0.1545545	0	0	5.1e-05	0	0.0005348	0.0040824	0	0.0010121	0	0.0026924	0.0002332	0	0	0.000161	0	0	0.0038527	0	0.0006915	0.0002498	0	0.0005754	5.41e-05	0.0005007	0.0102565	0.0057253	0	0.023609	0	0	0.1058232	0.0054019	0.0053129	0	0	0.0175039	0	0.0157666	0	0	0.0050737	0.0192333	0	0	0	0.0001758	0.0038641	0	0.0262044	0.0094609	0	1.93e-05	0	0	0	0	0	0	0	0.0004213	0	0	0	0	0	0	0.0068798	0.0073924	0	0.0002212	0.0006947	0.0004888	0.0012237	0.0002277	0.0008097	0	0	0	0	0	0	2.94e-05	0	0.0001519	0.0018776	0.0014359	0	0	0	8.49e-05	0	0	0.0001148	0	0	0	0	0.0002648	0	0	0	0.2853105	0	0	9.17e-05	0	0	0	0.0073535	0	0	0	0	0	0	0	0	0	0	0	0	0	0
HSM5MD8H_P	0	0	0	0.1907823	0	0.0240027	0	0	0.010925	0.0001877	0.0002198	0.0192708	0	0.0038138	0.0180474	0.0017479	0	0	0	0	0.0244095	0	0.0001021	0	0	0	0	0.0007395	0	0.0002547	0	0.2605176	0	0	0	0.0029234	0.0003912	0	0	0.0036804	0	0.1075354	0.0166837	0	0.002619	0.0008619	0	0.0158788	0	0	0.1117567	0.0012087	0	0.0017088	0	0	0	0	0	0	0	0.0123206	0	0	0	0	0	0	0.000861	0	0.0038067	0	0.0310453	0.0006969	4.04e-05	0.0001404	0.000174	0	0	0.0044463	0.0317113	0	0	0	0	0	0.0007664	0	0	0	0	0.0018869	0	0	0	0	0.0003242	0	0	0	0	0	0.000296	0	0	0	0.0017054	0	0	0.002584	0	0	0.0674165	0	0	0	0	0	0	0	0	0	0	0	0	0	0
HSM5MD3L_P	0.1456797	0.0362315	0.0218134	0.170991	0	0.036396	0	0.00914	0.0255057	0.0004693	0.0040524	0	0	0.0030058	0.0034293	0	0.0101682	0	0	0	0.0164895	0.0016946	0.0011132	0	0	0	0	0.000685	0.0010764	6.96e-05	0.0001282	0	0.0058519	0.0602001	0	0.0030679	0.0067452	0	0.0012446	3.08e-05	0	0	0	0	0	0.0011031	0	0.0432712	3.46e-05	0	0.0462046	0	0	0.045048	0	0	0	0	0	0.011027	0	0	0	0.0006017	0	0	0	0	0	0	0.0589549	0	0	0	0.008359	0.002419	0.007943	0	0	0.1264254	0.0090301	0.0195766	0	0	0	0.0266797	0.0004766	0	0.0137596	0.0050348	0	0.0020318	0	0	0	0	0.0009602	0	0	0.0003126	0.0039705	0	0	0	0	0	0	0	0	0	0	0	0	0.0008045	0	0	0	0	0.0004892	0	0	0	0	0	0	0	0
HSM5MD5X_P	0.349419	0.0504337	0.0077655	0.1883248	0.004571	0.0086921	0.0006601	0.0308306	0.008896	0.0076706	0	0.0004725	0	0.0011734	0.048639	0	0	0	0	2.02e-05	0.0061974	0.0032422	0.0003055	0	0	0.0009685	0	0.0021203	0.0035452	0	0	0.0153434	0	0	0.0257935	0.0004523	5.35e-05	0	0.0007252	0.0051708	0	0.0209542	0.0013904	0.0014507	0.0008051	1.61e-05	0	0.0879653	0.0013959	0	0.000685	0.0105875	0	0.0095252	0.0002962	0	0	0.0056305	0.0023908	0.0017529	0	0.0003003	0.0021424	0	0	0	0	0	0.0003122	0	0.0005541	0.0003142	0.0009372	0	0	5.76e-05	1.26e-05	0	0.0038366	3.7e-06	0.0002982	0.0001276	0	0	0	0.0002313	0	0	0	0.001078	0	0.0069646	0	0	0	0	0.0010707	0.0068696	0.0069856	0.0022719	0.0021185	0	0.025991	0	0	0	0.0006723	0	0	0	0	0	0	0.0011594	0	0.0009897	0	0	0	0	0.0001212	0	0.0132156	0.0004529	0	0	0
HSM5MD5Z_P	0.1746145	0.1536025	0	0.0091288	0	0.0779531	0	0	0	0	0	0	0	0	0	0	0	0	0	0	0	0	0	0	0	0	0	0	0	0	0	0.3568637	0	0.0754652	0.0475095	0	0	0	0	0	0	0.0387247	0	0	0.0078014	0	0	0	0	0	0	0	0	0	0	0	0	0	0	0	0	0	0	0	0	0	0	0	0	0	0	0	0.0002957	0	0	0	0	0	0	0.0580409	0	0	0	0	0	0	0	0	0	0	0	0	0	0	0	0	0	0	0	0	0	0	0	0	0	0	0	0	0	0	0	0	0	0	0	0	0	0	0	0	0	0	0	0	0	0	0
HSM6XRQB_P	0.07198	0.0349708	0.0422492	0.0006742	0	0.0554435	0.0023323	0	0	0.0421473	0	0	0	0.1153609	0.0059962	0.0071153	0.0200739	0	0	0.0031645	0.0505564	0	0.0773025	7.37e-05	0	0.0376078	0.0093906	0	0	0.0004028	0.0001181	0	0	0	2.85e-05	0.0047136	0	0	0	0.0899453	0	0.1635696	4.27e-05	0	0	0	0	0	0	0	0	0	0	0.0254328	0	0	0	0	0	0	0	0	3.24e-05	0.0036099	0.0001012	0	0	0	0.00015	0	0	0	0	0.0014857	0	0	0	0	0.0389264	0	0	0	0	0	0	0.0001038	0	0	0	0.0008939	0	0.0141472	0	0	0	0.0005852	0	0	0	0	0	5.13e-05	0	0	0	0	0	0	0	0.0513844	0	0	0.0125411	0	0	0	0	0	0	0	0	0	0	0	0	0	0
HSM6XRQB	0.1530337	0.0617471	0.0226768	0.000627	0	0.0622575	0.002052	0	0	0.0420811	0	0	0	0.1419601	0.0065823	0.0138594	0.026801	0	0	0.0020022	0.038299	0	0.0404483	5.31e-05	0	0.0374533	0.0050265	0	0	0.0002502	0.00032	0	0	0	0.0002819	0.0037286	0	0	0	0.0550499	0	0.149945	0.0052793	0	0	0	0	0	0	0	0	0	0	0.0176076	0	0	0	0	0	0	0	0	0	0.0020758	0.0003699	0	0	0	9.37e-05	0	0	0	0	0.0015158	0	0	0	0	0.0383475	0	0	0	0	0	0	0.0001279	0	0	0	0.0014793	0	0.0137678	0	0	0	0.0004586	0	0	0	0	0	6.41e-05	0	0	0	0	0	0	0	0.0387693	0	0	0.0091711	0	0	0	0	0	0	0	0	0	0	0	0	0	0
HSM6XRQC_P	0.0599956	0	0.0115893	0	0	0	0	0.6568951	0.0007657	0	0	0	0	0.0228491	0	0	0	0	0	0	0.0013693	0	0	0	0	0	0	0	0.0095909	0	0	0.0953579	0	0	0	0	0.0003919	0	0	0.0012688	0	0.0208541	0	0	0	0	0	0	0	0	0.0029818	0	0	0.015902	0	0	0	0	0	0	0	0	0	0	0.0176826	0	0	0	0	0	0	0	0	0	0	0	0	0	0	0	0	0	0	0	0	0	0	0	0	0	0	0	0	0	0	0	0.0020236	0.0018411	0.0677183	0.0017898	0.0008083	0	0.0023707	0	0	0	0	0	0	0	0	0	0	0	0	0	0.0006507	0	0	0	0	0	0	0	0	0	0
HSM6XRQE_P	0.0564702	0	0	0.0405519	0	0	0	0	0	0	0	0	0	0	0	0	0	0	0	0	0	0	0	0	0	0	0	0	0	0	0	0.0213699	0	0	0	0	0	0	0	0	0	0	0	0	0	0	0	0	0	0	0.0082388	0	0	0	0	0	0	0	0.0490193	0	0	0	0	0	0	0	0	0	0	0	0	0	0	0	0	0	0	0	0	0	0	0	0	0	0	0	0	0	0	0	0	0	0	0	0	0	0	0	0	0	0	0	0	0	0	0	0	0	0	0	0	0	0	0	0	0	0	0	0	0	0	0	0	0	0	0	0
HSM6XRR3	0	0.0512868	0.0659259	0.0294433	0	0	2.59e-05	0.1898568	0.0009235	6.43e-05	0.0003908	0	0	0	0.0009231	0	0.0025332	0	0	0	0.0006435	0	0	0	0	0.0015226	0	0.0002411	0	0	0	0.260498	0	0	0.0988216	0.0016257	0	0	0	0.0025021	0	0.062396	0.0007855	0	0	0	0	0.1932337	0	0	0.0026391	0.0091287	0	0.0001223	0	0	0	0	0	0	0	0	0	0	0	0	0	0	0	0	0.009251	0	0.0056476	0.0014024	0	0.0006656	0.0005217	0	0	0.0044603	0	0	0	0	0	0.0001687	0	6.6e-06	0	0	0.0008714	0	0	0	0	0	0	0	0	0	0	0	0	0	0	0	0	0	0	0.0006439	0	0.0002579	0	0	0	0	0	0	0.0005695	0	0	0	0	0	0	0	0
HSM67VDX_P	0.000118	0.0154513	0.0083551	0.0082455	0.0046098	0.0513444	0	0.0150175	0.0014517	0.0039584	0	0	0	0.0668048	0.0121005	0.0030328	3.31e-05	0.0003619	0	0	0.0015492	0	0.012297	0.0010058	0	0	0.0004467	6.36e-05	0.0041585	0.0026481	7.39e-05	0.1366601	0	0.0539468	0.0358897	0.005007	0.030809	0	0.032663	0.0009758	0.0019328	0.0050749	0	0	0.0044301	0.0033467	0.0001683	0.0480124	0.2037306	0	0.010936	0	0.0140457	0.0351546	0	0	0	0.0003851	0.010599	0	0	0.0065763	0	0.0002403	0	0	0	0	0.0050845	0	0.0010831	0.0007657	0.0092517	0.0015806	0.0001969	0.0001309	0.0080557	0	0.0002578	0.0135319	0	0.0065911	0	0.0022576	0	0.0152809	6.03e-05	0.0001408	4.73e-05	0.0021805	0	0	0	2.29e-05	2.95e-05	0.0001518	8.14e-05	0	0	0	0	0	0	0	0	0	0.000352	0	0	1.65e-05	0	0	0	0	0	0	0	0.0026388	0	0	0	0.0658353	0	0	0	0	0
HSM67VDR_P	0.3151855	0.0965752	0	0.0676426	0	0.0028214	0	0.0016826	0.001715	6.55e-05	0.0004583	0	0	0.0005271	0.003955	0.0001674	0	0	0	0	0.0043026	0	0	0	0	0	0	3.17e-05	0.0001514	0	0	0.0793348	0	0.0356561	0.0469424	0.0005384	0.0013397	4.79e-05	0.0161902	0.091916	0	0.0391819	0	0.000131	0.0003855	0	0	0.0007474	0	0	0.0010412	0	0	0.0020344	0	0	0.0062308	0.054149	0.0011768	0	0.0006584	0	0	0	0	0	0	0	0.0009346	0.0115013	0	0	0	0.0004303	0	0	0	0	0	0	0	0.0017247	0	0	0	0.0010974	0.0006082	0	0	0.0010091	0	0.0071967	0	0	0	0	0.0059687	0.0003702	0.0003989	4.68e-05	0	0	0	0	0.0735194	0	0.0002145	0	0.0001335	0	0	0	0.0187673	0	0	0	0	0	0	0.0001715	0.0011567	0	0	0	0	0.0006295	6.85e-05
HSM67VDT	0.2035663	0.0824255	0.0027174	0.0067031	0.0013523	0.025145	0	0	0.0002851	0.0011475	1.6e-05	0	0	0.0005387	0.0002392	0	0	0	0	4.61e-05	0.0002957	0	0.000529	2.59e-05	0	0	0	1.11e-05	0.0006058	1.49e-05	0	0.3784621	0	0.0863251	0.0254951	0.0001615	0.0008674	0.0027785	0.0394849	6.43e-05	0	0.0188012	7.97e-05	0	0.0001156	0.0007065	0	0.0363943	0	0	0.0078254	0.0125274	0	0.0009538	0	3.6e-05	0.0234624	0	0.0005068	0	0.0114396	0.0015543	0	0	0	0	0	0	0.0008703	0	0.0017386	0	0	7.19e-05	0	1.1e-05	0.0001045	0	0	0.0104324	0	0.0064348	0	8.6e-06	0	0	3.48e-05	0	0.0003746	0	0	0	0	0	0	0	9.02e-05	0	6.13e-05	0	0.0001375	0	0	0	0	0	0.0008006	0	0	0	0	0	0	0	0.0002248	0	0	0	0	0.0011006	0	0	0	0	0	0	0
HSM67VDT_P	0.2277739	0.0834999	0.0023965	0.010509	0.0013707	0.0225489	0	0	0.000115	0.0014568	0.0001114	0	0	0.0006429	0.0004941	3e-06	0	0	0	0	0.0004817	0	0.000814	4.9e-06	0	0	0	1.37e-05	0.0004001	7.59e-05	0	0.3584403	0	0.086644	0.0273104	0.0005006	0.001532	0.0018457	0.0403167	7.65e-05	0	0.0155016	8.72e-05	0	8.75e-05	0.001062	0	0.0267319	0	0	0.0067644	0.0211957	0	0.0007805	0	6.35e-05	0.0203851	0	0.0004688	0	0.0065713	0.001498	0	0	0	0	0	0	0.0007674	0	0.0015385	0	0	0.0001275	0	0	5.16e-05	0	0	0.013154	0	0.0058503	0	0	0	0	0	0	0.0003969	0	0	0	0	0	0	0	0.0001062	0	1.92e-05	0	5.4e-05	0	0	0	0	0	0.0008969	0	0.0001183	0	0	0	0	0	0.0001752	0	0	0	0	0.0018161	0	0	0	0	0	0	0
HSM7CZ1T_P	0.4095141	0.128684	0.0147875	0.0337564	0.038155	0	0	0.0224307	0.000811	0.0041966	0	0.0006925	0	0.0005461	0.0009953	0.0001396	0.000127	0	0	0.0004243	0.0027155	4.44e-05	0.0005201	0.0001428	0	0.0010526	0	0.000154	0.0010217	0.0003213	0	0.1856918	0	0	0.0644868	5.3e-05	0.0006286	0	0	0.0107113	0	0.0122263	0	1.07e-05	6.65e-05	0.0002764	9.34e-05	0.0070868	0	0	0	0.0012602	0	0.0004261	0	7.46e-05	0	0.003217	0	0	0	0.0045281	0	0	0	0	0	0	0.0013649	0	0.0056588	0.000591	0.0006447	0.0046619	2.91e-05	0.0004954	0.00542	2.71e-05	0	0.0081969	0	0.0083591	0	0	0	0.0005867	0	0.0001708	0	0.0003283	0	0	0.0005364	0	0	0	0	0	0	0	0	0	0	0	0	0	0.0013662	0	0	0	0	0	0	0	0	0	0	4.81e-05	0.0003934	0.001516	0	0.0021399	0	0	0	0	0
HSM67VID	0.0538002	0.0215949	0.0150217	0.0376172	0.007542	0.025406	0	0.0037706	0.0004438	1.96e-05	0	0	0	0	0.0001952	0	0	0	0	0	0	0	0	0	0	0	0	0	0.002392	0	0	0	0	0.018256	0	0.0010411	0	0.0734022	0.0133443	0	0	0	0	0	0.0003127	0	0	0.0090168	0	0	0	0	0	0.0003513	0	0	9.93e-05	0	0.0001105	0	0	0	0.6905416	0	0	0	0	0	5.08e-05	0	0	0.0028706	0	0	0	0	0	0	0	0.0005933	0	0.0033618	0.0010233	0.0001347	0	0	0	0	0	0.000142	0	0.0035642	0	0	0	0	0.0007214	0	0	0	0	0	0	0	0	0	3.37e-05	0	0	0.0001152	0.0046544	0	0	0	0	0	0	0	0	0	0	0	0.0004564	0	0	0	5.9e-06
HSM7CYWS_P	0.3309955	0.0984341	0.0004396	0.1554608	0.0151359	0.0124533	0	0.0005684	0.001027	0.0010144	0.0019014	0.0006628	0	0.0001399	0.0021593	0.0001811	0	0	0	0.0015926	0.0008699	2.41e-05	9.57e-05	7.53e-05	0	0	0	0	0	0	0	0.1444416	0	0.0242144	0.0152866	0.001137	0.0012488	0.0001317	0.0075443	0.0052812	0.0011265	0.0290317	0.0003794	0.0002711	0.003927	7.23e-05	0	0.0073447	0.009253	0	0.0025513	0	0.0028614	0.0003291	0.0003187	0	0.0101806	0.0043423	0.0013801	2.95e-05	0.0036619	0	0.0108151	0	0	0	0	0.0112603	0.0001039	0.0092216	0.0008843	0.0031747	0.0037912	0	0	6.13e-05	0.0001026	0	0	0.005767	0	0.000918	0	0	0	0.0017293	0	0	0.0003075	0.0001195	0	0	0	0	0	0	0	0	0	0	0	0	0	0	0.0042648	0.0024387	6.06e-05	0	8.21e-05	3.77e-05	0.0017617	0.0001784	0.0143757	0	0	0	0	0.0001002	0	0.0036859	0.0004343	0.0039295	0	0.0180907	0.0003557	0.0001581	0
HSM7CZ2V_P	0.3505424	0.0970311	0.0030951	0.0325107	0.0011728	0.0301695	0	0.0045503	0	0.0048678	0	0	0	0.0020684	0	0	5.65e-05	0	0	0	0.0011831	0	7.7e-05	0	4.8e-06	1.36e-05	0	0.0001231	0.0043732	0	0	0.1996878	0	0.0268219	0.032346	0.0043169	0.0008684	0	0.0146511	0	5.66e-05	0.0015685	0	0.0004351	0	0	0	0.0482081	0.0236501	0	0.0003527	0.0001519	0.0003936	0.0019019	0	0	0.0246433	0.0001951	0.0002506	0	0.0124279	0	0.0316842	0.0002098	0	0	0	0.0008277	0	0	0.0089943	0.0065941	0.0001247	0.0006506	0.0008186	0.0014533	0.0014509	0	0	0.0007479	0.0035147	0.0111985	0	0	0	0.0005392	0	0.0002307	0.0003581	0.0002381	0	0	0	0	0	0	0	0	0	0	0	0	0	0	0	0	0.0012075	0	0	3.72e-05	0	0	0.0005311	0	0.0002641	0	6.54e-05	0	0	0	0	0	0.000567	0	9.03e-05	0	0
HSM7J4Q1	8.65e-05	0.0558105	0.0423782	0.1333828	0	0.0477791	0	0.004576	0.0009075	0.0002634	4.21e-05	0	0	0	0.0005107	2.27e-05	0	0	0	0.00342	0.0032786	0	0.0003366	0	0	0	0	0.0020064	0	4.46e-05	0	0	0	0	0.0199985	0.00029	0.0026468	0.0007591	0.0541189	0	0	0.0278022	0.0001288	0	0	0.0016249	0	0.001455	0.1823473	0	0.0306897	0	0	0	0	0	0	0.0053881	0.0002457	0	7.21e-05	0	0	0	0	0.000116	0	0.062134	0	0	0.0007485	0	0	0.0003955	7.75e-05	0.0001211	0.0027455	0	0	0.2511102	0	0.0256917	0	0	0	0	8.46e-05	0	0.0080732	0.0001254	0	0.0069719	0	0	0	0	0.0005373	0.0003742	0.0073604	0.0002654	7.82e-05	0	0.0006514	0	0.0075174	0	2.61e-05	0	0	0	0	0	0	2.58e-05	0	0	0	0	0	0.0002599	0	0.0007897	0	0	0	0.000665	0
HSM7CZ2X_P	0.5442661	0	0	0.012229	0	0	0.0004282	0	0.001085	0.0071188	0	0	0	0.0009381	0.0030865	0.0008426	0.0024024	0.0093823	0	0	0.0060439	0.002908	0.0020606	0	0	0	0	0.0008512	0.0202869	2.41e-05	0	0	0	0	0.1021698	0.0002948	0.0027074	0	0.035893	0	0	0.0756779	0	0	0	0	0	0	0	0	0.115296	0	0	0.0084041	0	0	0	0	0.0020147	0	0	0	0	0	0	0	9.2e-05	0	0.0001541	0	0.0131795	0	0	0	0	0.0007382	0.0012507	0	8.93e-05	0	0	0	0	0	0	0.0030692	3e-04	0.000603	0	0	0	0	0	0	0	9.63e-05	3.84e-05	0	0	0	0	0	0	0	0	0	0	0	3.77e-05	0	0	0	0	0	0	0	0	0	0	0	0.0065901	0.0034812	0	0	0	0	4.49e-05
HSM7J4J7	0.5587268	0.0773878	0	0.022067	0	0.0672161	0	0.0295414	0.0015825	0.0012188	0	0	0	0.0013968	0.0019882	0.000762	0.0015333	0	0	0	0.0054378	0.0034581	0	0	0.0001928	0	0	0.00022	0.0148725	0	0.0002829	0.0001861	0	0	0.0174628	0	0.000357	0	0.0361162	0.0012805	0	0.0045704	0.0008057	0	0	0	0	0.0290924	0	0.0001203	0.0016744	0	0	0.0024193	0	0	0.0878739	0	0	0	0	0	0	0	0	0	0	0	0	0	0.0149672	0.0043283	0	0	0	0.0015955	0.0012115	0	0	0	0	0.005279	0	0	0	0	0	0	0	0.0003799	0	0	0	0.0002585	0	0	0	0	0	0	0	0	0.0002691	0	0	0	5.04e-05	0	0	0.0001598	0	0	0	0	0	0	0	0	0	0.0002429	0	0.0006832	0	0	0	0	0
HSM7J4LP	0	0	0	0	0	0	0	0	0	0	0	0	0	0	0	0	0	0	0	0	0	0	0	0	0	0	0	0	0	0	0	0	0	0	0	0	0	0	0	0	0	0	0	0	0	0	0	0	0	0	0	0	0	0	0	0	0	0	0	0	0	0	0	0	0	0	0	0	0	0	0	0	0	0	0	0	0	0	0	0	0	0	0	0	0	0	0	0	0	0	0	0	0	0	0	0	0.7223605	0	0	0	0.0195524	0	0	0	0	0	0	0	0	0	0	0	0	0	0	0	0	0	0	0	0	0	0	0	0	0	0
HSM7J4JT_P	0.081469	0.0080407	0.0021825	0.1056563	0	0	0	0.0009647	1.57e-05	0.0025823	0.0003856	0	0	0	0	0	0	0.0001703	0	0	0	0	0	0	0	0.0002476	0	7.58e-05	0.0021382	0	0	0	0	0	0.0084673	8.37e-05	0	0	0.0402943	0.0274243	2.03e-05	0.0074804	8.82e-05	0	0	0	0	0	0	0	0.0009569	0	0	0	0	0.0009294	0.0154355	0.0006161	0.0024278	0	0.0285482	0	0.5602494	0	0	0	0	0.0240996	0	0	0.0015573	0.0068642	0	0	0.0002549	0.0001393	0.009388	0	0	0	0	0.0042506	0	0	0	0	0	0.0002829	0	0	8.3e-06	0.0015305	0	0	0	0	0	0	0	0	0	0	0	0	0	0	0	0	0	0	0	0	0	0	5.7e-06	0	0	0	0	0.0018476	0.0019109	0	0	0	0.0104445	0	0
HSM7J4JV_P	0.0739055	0.0044659	0.0029677	0.038257	0.0203816	0.0054913	0	0	0	0.0001784	0	0	0	0.001157	0.0004845	0	0	0	0	0	6.5e-05	0	0	0	0	0	0	0	0	0	0	0.0119279	0	0.0276975	0.003171	0	0	0	0.020121	0.0016486	0	0.0033735	0	0	0	0	0	0.0012668	0	0	0.017003	0.0001509	0	0	0	0	0	0	0.0009175	0	0	0	0.7069298	0	0	0	0	0	3.14e-05	0.0057648	0	0.0005405	0	0	0	0	0	0	0	0.0013097	0	0.0057988	0.0006691	0	0.000435	0	0	0	0	0	0	0.0059439	0	0	0	0	0.0001012	0.000362	0.000218	0	7e-05	0	0.0024134	0	0.0017688	0	0.0013007	0	0	0	0.0023114	0	0.001656	0.0004024	0	0	0	0	0	0.0005809	0	0	0	0	0	0.0005897	0
HSMA33IE	0.1764394	0.1185185	0.0005314	0.0001816	0	0.138949	0	0.0182773	0.0002389	0.0013916	0	0	0	2.96e-05	0.0016832	0.003596	0.0012022	0	0	0	0.0009861	0	0	0	0.0022118	5.5e-06	0	6.2e-05	0.0003619	0	0	0	0	0.1162237	0.065438	0.0012265	0	0	0.127252	0	0	0.000305	0.0005827	0	0	0.0003976	0.00026	0.0077701	0	0	0.0013725	0	0	0	0	0	0.0015449	0	0	0	0	0	0	0	0	0	0	0.0983916	0.0002652	0	0.0002103	0	0	0.001748	0.0010508	0	0	0	0	0.0131181	0	0	0.0069494	0	0	0	8.88e-05	0	0	0.0001211	0	0	0	0	0	0	0	0	0	0	0	0	0	0	0	0.0909307	0	0	0	0	0	0	0	0	0	0	0	0	0	0	0	8.73e-05	0	0	0	0	0
HSMA33NW	0.2868784	0.0719997	0.0267071	0.0260707	0.0259553	0	4.34e-05	0	0.0005531	0.0107196	0.0041029	0	0	0	0.001761	0.0005036	0.0013078	0	0	0	0.002023	0	0	0	0	0	0	0.0003453	0.026708	0.0057413	0	0.179213	0	0.0677527	0.0519403	0	0.0010152	0	0.0502086	0	0	0.0231756	0	0.0021865	0	0	0	0.0010546	0	0	0	0	0	0.0006151	0.0032437	0	0	0	0.0001045	0	0	0	0	0	0	0.0003882	0	0	0.0041755	0	0.0003828	0.0002082	0.0026898	0.0003811	0.0004928	0	0.000323	0	0	0.0010432	0	0.0125462	0	0.0001926	0	0.0006889	0.0001979	0	0.0072448	0	0	0.0118898	0	2.23e-05	0	0	0	0	0	0	0	0	0	0	0	0	0.000717	0	0	1.49e-05	0	4.08e-05	0.0448024	0	0.0005232	0	0	0	0	0	0	0	0	0	0	0	0
HSMA33NY	0.2429152	0.0376562	0.007809	0.1201551	0	0	0	0	0.0015626	0.0145226	0	0.0001369	0	0.0011353	0.0063792	0.0009274	0	0.0022481	0	0	0.0027657	0	0.0042706	0	0	0	2.2e-05	0.0002563	0.0264703	0	0.0001314	0.0779226	0	0.0448299	0.0078029	0	0	0	0.0265407	0.0030138	0	0.009337	0.000126	0.0041979	0	0.0011845	0	0.0025716	0	0	0.0020371	0	0	0.0009801	0.0015401	0	0	0.0054136	0	0	0	0.0065914	0.2237804	0.0001816	0	0	0	0.0063046	0.0003379	0	0.0003084	0	0	0.0021368	0.0114096	2.83e-05	0	2.73e-05	0	0.0046492	0	0.0033718	0.0007677	0.0002879	0	0.000745	0.0004627	0	0.0046648	0.0016297	0	0.0016397	0	0	0	0	0	0	0	0	0	0	0	0	0.0060383	0	0.0016341	0.0029523	0	0	0	0	0	0	0.0003599	0	0	0	0.0012667	0.0063572	0	0	0	0	0	0.0006915	0.0002107
MSM5LLDI	0	0	0	0.0088712	0	0.0255294	0	0.0741278	0.0031591	0.0069162	0.0002365	0	0	0.0013218	0	0.0002631	0	0.0048849	0.0002035	0.0001143	0.0006242	0	0.0008346	0.0007452	0	0.0002647	0	0	0.0005679	0.0006219	0	0.4515064	0	0.1247479	0.1083424	0	0.0040782	0	0.0160673	0	0.0863713	0.0140528	0.0001253	0.0017735	0.000389	0	0	0.0119903	0	2.9e-05	3.26e-05	0	0	0.0006979	0	0	0.0138315	0	0.0005693	0	0	0	0	0	0	0	0	0	0	0	0.0001395	0	0	0.0002349	0.0003536	0	0	0	0	0.0220122	0	0	0	0	0	0	0	2.84e-05	0	5.41e-05	0	0	0	0	0	0	0	0	0	0	0	0	0	0	0	0	0	0	0	0	0	0	0	0	0	0	0	0	0	0	0.0001903	0	0	0	0	0	0
MSM5FZ9N_P	0.0120102	0.001054	0	0.0073045	0.0144752	0	0.0096291	0.0028844	0.0227445	0.1114575	0	0.0036704	0.005872	0.011028	0	0	0.0372903	0	0	0	0	0	0	0	0.0083401	0	0	0	0.0001423	0.0165595	0	0	0	0.0023218	0.0027167	0	0	0	0	0	0	0	0	0	0	0	0	0.0006572	0	0.0131787	0	0	0	0	0	0	0	0	0	0	0	0	0.0310071	0	0.3331724	0.0028673	0.0002501	0	0	0	0.0008927	0	0	0	0	8.99e-05	0	0	0	0.0001032	0	0	0	0	0	0	0	0	0	0	0	0	0	0	7.14e-05	0.0703358	0.0181572	0.0010551	0.1752009	0.001032	0	0.0029428	0.0251694	0	0	0	0	0	0	0	0	0	0	0.0003387	0	0.0001225	0.0250665	0	0	0	0	0	0	0	0	0	0
MSM5FZ9X_P	0	0	0	0.0110961	0.0444878	0	0.0248908	0.0018157	0.016319	0.0332833	0.0187635	0	0	0.0051738	0	0.0019614	5.79e-05	0.0001775	0	0.0003547	0.0127573	0	0.0024861	0	8.68e-05	0.0365638	0	0	0.006121	0.025646	0	0	0	0	0.0020708	0	0	0	0	0.0002993	0	0	0	0	0.0601675	0	0.0001241	0	0	0.0042927	0.0226415	0.1093618	0	0	0	2.11e-05	0	0.3503837	0	0	0	0	0	0	0	0.0014272	0	0	0.0006108	0	0	0	0	0	0	0	0	0.0068171	0.0002132	0	0	0	0	0	0	0	0	0	0	0.0056786	0	0	0	0	2.22e-05	0.0005783	1.88e-05	0.0012111	0.0021847	0.0009689	0.0001007	0.0002227	7.8e-06	0	0	0	0	0	8.7e-05	0	0	0	0	0	0	2.83e-05	0	0	0	0	0	0	0.0007699	6.19e-05	0	0	0
MSM5LLHR_P	0.3524074	0.0985358	0.0046738	0.0395919	0.046847	0.0293735	0.0006894	0.0054765	0.0056858	0.0031964	0.0012639	7.75e-05	7.31e-05	0	0.0027026	0.0013174	0.0003253	0	0.0004261	0	0.0098738	0	0.0001972	0.000186	0.0001069	0	0	0.0007118	8.92e-05	0	0.0006706	0.0003428	0	0.047926	0.0249305	0.0003637	9.17e-05	0.0001482	0.0148233	0.0169046	0.1082646	0.0006138	0.0002037	0	0.0052969	0.0005131	0	0.0001807	0.0106472	0.0004339	0.007515	0	0	0	0	0	0.0001523	0	0.001485	0.0001221	0.0603768	0.0024709	0	0	0	0	0.0003928	0.0005871	0.0032222	0	0	0	0.0402191	0	0.0024197	0	0	0	0	0.0103327	0	0.008757	0.0003215	0	0	0.000796	0.0003985	0.0001373	0	0.0004771	0	0	0	0	0.0007048	0	0	0	9.62e-05	0	0	4.79e-05	0	0	0	0	0.0009876	0.0022267	0	0.0001464	0.0026812	1.82e-05	0	0	0	0	0	0.0010638	0	0.0006343	0	0	0	0	0.0012223	0	0.000152
MSM5LLHV_P	0.0442166	0.2592345	0.0274801	0.0505891	0.0010726	0	0.0002256	0	0.0001143	0.0068448	0.0055197	0.0121672	0	0.0008407	0.001362	0	0.0004093	0	0	0	0.0001179	0	0.0055247	0.0001608	0	0	0.0001543	0	0.0059794	0	0.001085	0.1172998	0	0	0.0201622	0	0.0002219	0	0	0	0	5.83e-05	0	0.0018794	0.0085172	0.0120634	0	0.0118367	0.0050463	0	0.0079425	0.0465323	0.083574	0	0	0	0	0	0.0011326	0	0	0.0024804	0	0.000637	0	0	0	0	0.0004043	0	0.0066517	0	0.006149	0	0.0033464	3.51e-05	0.0001194	0	0.000784	0.1247335	0	0.0049187	0.0002158	0	0	0	1.26e-05	0	0.0266605	0	0	0	0	0	0	0	0	0	0	0	0	0	0	0	0	0	6.9e-06	0.0012859	0	0	0	0	0	0	0	0	0	0	0	0	0	0	0	0	0	0	0
MSM5LLIC_P	0.122883	0.0133593	0.0073853	0.1433762	0.3284211	0.0202026	0	0.0001493	0.0135397	0.0005807	0.0049559	0.0109863	0	0	0.0017225	0.000317	0.0003436	0.005873	0	0	5.69e-05	0.0014857	0.0005995	0.000495	0	0.000194	0	0.0020543	8.45e-05	2.63e-05	0.0003284	0.014572	0	0.0359457	0.0232686	0.0056562	0.0006211	0	4e-05	0.0021062	0.0033809	0.011752	0.0003504	0	0.0047376	0	0	0.0088621	0	0	0.0124511	0.0083049	0	0.0004339	0.0040042	0	0	0.008929	0.0003975	0	0	0	0	0.0008712	0	0	0	0.0182748	0.0002776	0.0271561	0.0055989	0.0002042	8e-05	0.0005294	0.0013237	0.0021236	0.0434725	0	0	0.0023055	0	0.0151105	0.0002127	0	7.37e-05	0.001687	0.0006858	0.0001027	0	0.0002251	0	0.0046829	0	0	0	0	0.0013183	0.0001537	0	1.02e-05	0.0007911	5.39e-05	0	0	0	0	0.0087348	0.0002795	0.0011865	0.0004113	0	0	0.0167845	0.0001889	0	0	0	0	2.2e-05	0.0071812	0	0	0	0	0	0	0.0007125
MSM5LLIQ_P	0.7185308	0	0	0	0	0	0	0.0386844	0	0	0	0	0	0.1758158	0	0	0	0	0	0	0	0	0	0	0	0	0	0	0	0	0	0	0	0	0	0	0	0	0	0	0	0	0	0	0	0	0	0	0.0022773	0	0	0	0	0	0	0	0	0	0	0	0	0	0	0	0	0	0	0	0	0	0	0	0.0646917	0	0	0	0	0	0	0	0	0	0	0	0	0	0	0	0	0	0	0	0	0	0	0	0	0	0	0	0	0	0	0	0	0	0	0	0	0	0	0	0	0	0	0	0	0	0	0	0	0	0	0	0	0	0
MSM5LLIS_P	0.0127594	0.0195219	0.0014744	0.0318977	0	0.0031905	0	0.0072072	0	0	0	0	0	0	8.7e-06	0	0	0	0	0	0	0	0	3.33e-05	0	0	0	0	0	0	0	0	0	5.56e-05	0.001226	9.81e-05	0	0.0001175	0.0016752	0.0042476	0	0.0017028	0	0	0.0040788	0	0	0.0003491	0	0	0.0039325	0	0	0	0	0	0	0.0040108	0.0002163	0.0004798	0	0	0.8553994	0	0	0	0	0.0005358	0.0004404	0	0	0	0.0026534	6.68e-05	0	0	0	0	0	9.63e-05	0	0.0014945	0.0002446	0.0001884	0	1.21e-05	0	0	0	0	0	0.0006538	0	0	0	0	0	0	0	0	0	0	0	0	0	0	9.84e-05	0	0	0	0	0	0	0	0	0	0	0.0001115	0	4.94e-05	0	0	0	0.0029306	0	0	0
MSM5LLFG_P	0.1386187	0.2611733	0.0354624	0.09357	0.0552718	0.0334238	0.0012973	4.8e-05	0.0095176	0.0144085	0	0	0	0.0004392	0.0012543	0.0001572	0.0026879	0	0	0.0007948	0.0123057	0	0.0004429	0.0008845	0	0	3.93e-05	5.3e-06	0.001463	0.007221	0.0001265	0.03892	0.0003475	0.1047302	0.0001841	0.0010266	0	0.0014814	0.0550285	0.0008825	0	0.032144	0.0023466	0	0.0148308	0.0002791	6.35e-05	0.0002385	0	0.0001629	0.0122053	0.0047528	0	0.0038709	0	0	0	0	0	0	0	0	0	0	0	0	0	0	0	0	0	0.0021955	0	0.0014363	0.0035469	0	0	0	0	0	0	0	0	0	0	0	0	0.0008161	0	0	0	0	0	0.0001069	0	0	0	0	0	0	0	0	0	0	0.0325146	0	0	0	0	0	0	0	0	0	0	0	0	0	0	0	0	0	0	0	0	0.0142607	0
MSM5LLF2_P	0.0448975	0.0122034	0.0012048	0.0185864	0.0007511	0.0018077	0	0.0038505	0.0003627	0.0435939	0	0	0	0.0452261	0.0302222	0	0	0	0	0	0.0003163	0.0026099	0	0	0	0	0	0	0.0575679	0	0	0.0041951	0	0	0.0039314	0	0	0	0	0	0	0.0017938	0	0	0	0	0	0.0155252	0.0009236	0	0	2.44e-05	0	0.0009341	0	0	0	0.0010392	7.69e-05	0	0	0	0.0068404	0	0	0.0004724	0	0	0	0	0	0	0.0001373	0	0	0	0	0	0.0595	0	0	0	0	0	0	0	0	0	0	0	0	0.0001066	0	0	0	0.0106146	0.0006922	0.0016885	0.4185101	0.0003397	0.0006957	0	0.0031443	0	0	0	0	0	0.0007887	0	0	0	0	0.0004236	0	0.0001176	0	0	0	0	0	0	0.0034046	0	0	0	0
CSM6J2H9_P	0.2315335	0.1225557	0.0026649	0.162146	0.0577354	0.009604	0	0.0063492	0.0044174	0.0014437	0	0.0056368	0	0.000183	0.0005952	5.54e-05	3.23e-05	0.0001839	0	1.5e-06	0.0026769	0	0	0.0014588	0	0	0	0.0008986	0	7.09e-05	2.54e-05	0.1248186	0	0.0737654	0.0080457	0.0083746	0.0002455	0	0.0197314	0.0082925	0.0026555	0.0006388	8.21e-05	0.0001247	0.0013887	0.0013935	0	0.0242735	9.1e-06	0	0.0109845	0	0.0027501	0.0001695	0.0155934	0	0	0.0086511	5.79e-05	0	0	0.0148774	0	0	0	0	0	0.0214478	0.0001766	0	0	2.48e-05	0	0	0.0003943	0	0	6.7e-06	0	0.0109768	0.0055003	0	0	0	0	0	6.96e-05	0.0002304	0.0006266	0.0001999	0	0	0	0	0	0	0	3.11e-05	0	0	0	0	0	0	0	0	0.0008777	0	0	4e-06	0	0	0	0	5.62e-05	0	0	0	0	0.0023934	0	0	0	0	0	0	5.47e-05
MSM6J2JF_P	0.2096874	0.2086195	0.0317132	0.0208791	0.0013849	0.0220507	0.0001579	0.0157453	0.0035298	0.0104796	0.0011496	0	0	0.0006356	0.0030462	0.0008431	0.0001157	0.0012163	0.0002362	0.0001426	0.00088	0.0002446	0.0085809	4.13e-05	0	0.0002095	5.92e-05	0.0004315	0.0059703	0.000289	0	0.001596	0	0.0012951	0.0259023	0.000334	0.0017311	0.0005151	0.0203577	0.0012026	0	0.0455811	0	0.0142736	0	0.0009993	0.0003897	0.011252	0.0095407	5.86e-05	0.0013037	0.2099007	0	0.0021639	0.0061116	2.65e-05	6.41e-05	0.0020962	0.0047366	0.032859	0	0	0.0152789	0.0002226	0	0	0	0	0.0006654	0.0001987	0.0034673	0	0.0007111	0.0010366	0	0.0007662	0.000919	0.0014511	0.0012517	0.0003071	0.0096893	0.0050152	0	0	0.0006426	0	8.97e-05	0	0	0.000543	8.9e-06	0.00036	0	0	0	0	1.46e-05	0.0003497	0.0033815	9.42e-05	7e-06	0	0.00144	0	0	0.0002457	0	0	8.7e-06	0.0004669	0	0	0	0	0	0	0	0	0	0	0.0046504	0	0.0002689	0	0	0	0
MSM6J2JH_P	0.0165884	0.0130507	0.0044082	0.0679978	0.0129348	0.0083516	0	0.0059858	8.76e-05	0.0001306	0	0.0039355	0	0	0.0001778	0	0	0.0008071	0	0	0.00011	0	0.0001122	0	0	0	0	7.99e-05	0	0	0	0	0	0.0114845	0.018608	0.0016243	0	0.0038235	0	0.005257	0.001679	0.0020162	0	0	0.0123636	0	0	0	0.0083366	0	0.0137645	0	0	0.0003159	0	0	0.0059694	0.0060637	2.03e-05	0.0001242	0.0095881	0.0007715	0.6371353	0	0	0	0	0.0245054	0.000591	0	0.0001365	0.0029567	0	0.0004333	0	0	0	0	0	0.0010478	0.0044744	0.0046318	0.0003351	0.0004003	0	0	0.0001479	0	0	0.000312	0	0.0107609	0	0	0	0	0	0	0	0	0	0	0	0	0	0.0010514	0.0020141	0.0041296	0	0	0	0	0.0043861	0	0	0	0	0	0	0.0002617	0	0	0.0238934	0	0	0	0
MSM6J2PO	0.2068806	0.0941661	0.0035351	0.2607856	0.0222382	0.0065749	0	0	0.0086988	0	0	0.0181522	0	0	0.0136515	0.00337	0	0	0	0	0.0120412	0	0.0011195	0	0	0	0	0	0	0	0	0.0370432	0	0.0115114	0.0050279	0.0019802	0.003306	0	0.0405164	0.0223835	0	0.0005994	0.0044682	0.0207443	0.0079487	0	0	0.0021593	0	0	0.0008299	0	0	0.0193856	0	0	0	0.0054519	0.003008	0	0	0	0	9.99e-05	0	8.54e-05	0	0.0001087	0.000236	7.4e-06	0.0002243	0.0007102	0.007865	0	0	0	0	0	0	0	0	0.001694	0	0	0	0.005575	0.0069377	0.0003835	0	0.0013823	0	5.21e-05	0	0	0.0001319	0	0.0061714	0.0058794	0.0033374	0.0011833	0.005277	0	0.0003707	0	0	0.1016862	0	0.0001393	0.0035974	0	0	0	0	0.0008013	0	0.0001122	0	0.0001788	0	0.0023331	0.0022841	0	0	0.0005994	0	0	0.0020006
MSM6J2Q1	0.0737248	0.1618026	0.0122375	0.0792667	0.0040345	0.0062	0	0	0.0004556	0	2.87e-05	0.005227	0	0	0.0001635	0	0	0.003422	0	0	0.0001798	0	0	0	0	0	0	0	0	0	0	0.0748705	0	0.0305559	0.0015676	0.009748	0.0011184	0.0037495	0.0028333	0	0	0.013809	5.9e-06	0.0001389	0.0228484	0	0	0.0020988	0.0003577	0	0.0033321	0.0008269	0	0.0005018	0	0	0	0.0009714	0.0004553	0	0	0.0016491	0	0	0	0	0	0.0138062	1.49e-05	0.0174908	0.0003123	0.0023974	0	0.0001796	0	0	0	0	0	0.0074829	0.0011916	0.0057664	0.000269	3.89e-05	0.0002117	0.0001974	0	0	0.0005496	4.74e-05	0	0.0147736	0	0	0	0	0.0005128	0.0003541	0.0008757	0.0003376	0.0003088	0	0.0005894	0.3417297	0.0278769	0.0008968	0.0030822	0.0011999	0.0001112	0	0.0002727	0	0.0002385	4.26e-05	0	5.11e-05	0	0	0	0	0	0	0	0.0017949	0	0.0149443	0
MSM6J2RG_P	0.0075763	0.1401467	0	0.1621799	0	0	0.0017024	0	0	0	0.001199	0	0	0	0.0006162	0	3.6e-05	0	0	0	0.0001607	0.009323	0.001985	0	0	0.0160459	0.0044509	0.0071882	0	0.0071066	0.000901	0	0	0	0	0.0013656	0	0	0.0104278	0	0	0.1172012	0.0001459	0	0	0	0	2.32e-05	0.3528376	0.0002221	0	0	0	0	0	0	0.0432242	0	9.9e-05	0	0	0	0.0001105	0.0003872	0	0	0	0	0	0	0	0	0	0	0	0	0	0	0.002977	0.00816	0	0	0	0	0	0.0009967	0	0	0.0042806	0	0	0	0	0	0	0	0	0	0.0067984	0	0	0.0002958	0.0012035	0	0	0	0	0	0	0	0	0	0.0694587	0	0	0	0	0	0	0	0	0	0	0	0	0	9.77e-05
MSM6J2N6_P	0.0277377	0.0037638	0.0009366	0.0174595	0	0	0	0	7.54e-05	0	0	0	0	0	0.0004976	0	0	0	0	0	0.0024861	0	0	0	0	0	0	0	0	0	0	0	0	0.0135698	4.48e-05	0	0.0015882	0	0.0041932	0	0	0.0034802	0	0.0109349	0.0026685	0	0	0	0.0058297	0	0.0044187	0	0.0238651	0	0	0	0	0.0002312	0.0047371	0	0	0	0.8326661	0	0	0	0	0.0068218	0.0002112	0	0	0	0	0	0	0	0	0	0	0.0021731	0	0	0	0	0	0	0	0	0	0.0016789	0	0	0	0	0	0	0.0007661	0	0.0008985	0	0.0010933	0	0	0	0	0	0	0	0	0	0	0	0	0.0011098	0	0	0	0	0	0	0	0.0005298	0	0	0	0	0.0093882
MSM79H52_P	0.0305918	0.1729687	0.0010224	0.0018334	0	0.0551242	0	0	0.0068031	0.0033364	0	0.0015638	0.0020334	0	0	0	0	0	0	0.0001567	0.0127618	0.000191	0.021636	0	0	0	0.0001607	0	0	0	0	0	0	0.0877187	0.0783733	0.001242	0.015732	0.0016167	0	0	0	0.012141	0.0008309	0	0.0016902	0.0032301	0.0001898	0	0	0	0	0	0	0.0040677	0	0.0029341	0.0126232	0	0	0	0.0068259	0	0	0.0001572	0	0	0	0.0721439	0	0	0	0.0019336	0.0001006	0	0	0	0	1.73e-05	0	0.0005699	0.3493447	0	0.0004926	0	0.005067	0	0	0	0	0	0	0	0.0084957	0	0	0	0	0	0	0	5.98e-05	0	0	0	0	0	0.0031651	0.0001765	0	0	0	0	0	0	0	0	0	0	0	0	0	0	0	0	0	0	0
MSM79H5E	0.1352621	0.0364856	0.0179118	0.0458747	0.0146975	0.0246573	0	0	0.0012526	0.0005927	0	0.0005103	0	0	0.001657	0.0023048	0	0	0	0	0.0009232	0	0	0	0	0	0	0.0022554	0	0	0	0.0118029	0	0.0626417	0.0267714	0.0056216	0	0	0.0216394	0.0025053	0.000644	0.0092436	0	0	0.0032176	0	0	0.0011459	0	0	0.0047154	0.0004295	0	0.0001375	0	0	0	0.0017045	0.0006006	0	0	0	0.2142603	0	0	0	0	0.065796	0.000739	0.0033205	0	0	0.0239074	0.0015974	7.9e-05	0	0	0	0	0.0080591	0	0.0099107	0.0035428	0.0194329	0.0011877	0.0013097	0.0009086	0	0.0010163	0.0017765	0	0.0405742	0	0	0	0	0	0	0	0	0	0	0	0.0180159	0.0033004	0.0006636	0.003316	0.000299	0	0.0002396	0.0002178	0.0009578	0.0607263	0	0	0	0	0.0002062	0	0.0017028	0	0	0.0088846	0	0.0047595	0	0.0008046
MSM79HF1_P	0.005434	0.0404356	0.0014287	0.0843353	0.3406505	0.0149158	0	0	0.0068323	0	0	0	0	0	0.0042737	0.0004751	0	0.0012591	0	0	0.0187149	0	0.0005616	0.0001243	0	0	0	0.0002503	0.0057291	0	0	0.0011929	0.0001222	0.0002005	0.0237468	0.0119818	0	0.0179136	0.0046342	0.0044252	0	0.0030522	0	0	0.0036304	0.000385	0	0	0.0090445	0	0.104386	0.000642	0	0	0	0	0	0.0010115	0.0060478	0	0	0.0065078	0	0	0	0	0	0.0046647	0.0053063	0	0.003536	0	0.0107789	0.0001318	0	0.0002157	0.000112	0	0	0.0025113	0.0286315	0.0077558	0.0022532	9.33e-05	0.000109	0.002793	0.0014298	6.32e-05	0.0001342	0.0004116	0	0.0055844	0	0	0	0	0.0032117	0	0	0	0	0	0	0.022669	0.0002075	0.0251061	0.00024	0	0	8.81e-05	0	0.000417	0.0029766	0	0	0	0	0	0	8.68e-05	0	0	0.001551	0	0	0.0001188	0.0007547
MSM79H9U_P	0.0327796	0.011675	0.0053225	0.0342028	0.0247586	0.0044829	0	0	9.17e-05	4.35e-05	0	0.0022054	0	0	0.0014351	0	0	0	0	0	0.0008922	0	0	0	0	0	0	0.0002484	0.0011132	0	0	0.0131053	0	0.0066305	0.003615	0.0013986	0	0	0.0039274	0.0027934	0.000164	0.0015639	0.0001957	0	0.0018747	0	0	0.0020985	0.005053	0	0.0105943	1.54e-05	0	0.0004124	0	0	0.0017742	0.0009867	0.0002994	0	0.0011538	0	0.7225499	0	0.0119836	0	0	0.0053431	0	0.0001138	0.0002301	1.05e-05	0.0065646	0.0002114	0.0001169	0	0	0	0	0.0003903	0.0019774	0.0050411	0.0013519	0.0003709	0	0.0002239	7.67e-05	0	0	0.0001686	0	0.0016289	0	0	0	0	0	0	0	0	0	0	0	0.0019699	0.0007651	4e-05	0.0003783	6.96e-05	0	3.05e-05	0	0.0004019	0.0118788	0	0	0	0.0028449	0.0001814	0	0.0010279	0	0	0.0164191	0.0003752	0.0047307	0	0
MSM79HBX_P	0.0897436	0.0063797	0.0971033	0.0886008	0	0.0075856	0	0.0008951	0	0	0	0	0	0	0.0017071	0.0011761	0	0	0.0001023	0	0.0007668	0	0	3.66e-05	0	0	0	0.0002152	0	0.0023345	4.17e-05	0.1296849	0	0.0024245	0.3821541	1.58e-05	0.0145804	0.000893	0.0377115	0	0.0035676	0.01431	0	0	0.0040583	0	0	0.0011427	0	5.02e-05	0	0.0119794	0	0.0005104	0	0	0	0	0.0007301	0	0	0	0	0	0.000848	0	0	0.0008196	0.0003381	0	0	0.0004506	0	0.000948	0	0	0	5.49e-05	0	0.0003888	0	0.0022786	0	0	0	2.22e-05	8.66e-05	0	0	0.0013574	0	0	0	0	2.2e-05	0	0	0	0.0001202	0	0.0009265	0	0	0	0	0	0.0001186	0.0006256	0	0	0.0058676	0	0	0.0005542	0	0	0	0	0	0	0	0.0684945	0	0	0	0	0.000137
MSM79HBZ	0	0	0	0.2198162	0	0	0	0.0471966	0	0	0	0	0	0	0	0	0	0	0	0	0	0	0	0	0	0	0	0	0.2532178	0	0	0	0	0	0	0	0	0	0	0	0	0	0	0	0	0	0	0	0	0	0	0	0	0	0	0	0	0	0	0	0	0	0	0	0.0265685	0	0.0095851	0	0	0	0	0	0	0	0	0	0	0	0.0167388	0	0	0	0	0	0	0	0	0	0	0	0	0	0	0	0	0.0013585	0	0.0240813	0.2751331	0.0045003	0	0	0.0005506	0	0	0	0	0	0	0	0	0	0	0	0	0.0030014	0.0629465	0	0	0	0	0	0	0	0	0	0
MSM79HD6_P	0.3916621	0.0957286	2.9e-05	0.0745858	0.0324307	0.0352953	0	0	0.0006084	0.0012665	4.66e-05	0.0022277	0	3.41e-05	0	0	0.0001159	0	0	0.0011079	0.0034366	0	0.0005627	0.0013421	0	0	0	0	0	0	0	0.0013251	0	0.1152712	0.0077763	0.0077778	0.000334	0	0.0066809	0.0026828	0.0135266	0.0081162	2.32e-05	0	0.0077431	0	0	0.0001289	0.0108105	0.0003562	0.0035567	0	0	0	0	0	0	0.0103809	0.0002964	0	0	0	0.0008012	0	0	0	0	0	0.0002837	0.0676859	0.0038321	0	0	0.0004129	0	0.0001133	0.000286	0	0	0.0496257	0	0	0	0	0	0.0001225	0.0002233	0	0	0	0	0	0	4.72e-05	0	0	0.002156	0	0	0	0	0	0	0	0	0.0002274	0	0	0.0018314	0	0.0088879	0	0.0246739	0	0	0	0	0	0.000389	0	0	0	0	0	0	0	0
MSM79HCG	0	0	0.1547723	0.0683879	0.0060689	0	0	0	0.0038277	0.0035561	0.0003533	0.0037814	0	0	8.03e-05	0	0	0.000673	0	4.58e-05	0.0019684	0	0.0002189	0	0	0	0	0.0001906	0	0	0	0	0.0008259	0.0633291	0	0	0	0	0	0.0033517	0	0	0.0003392	0	0.0177542	0.0007258	0	0	0.6244418	0	0.0103464	0.0002294	0	0.0004752	0	0	0	0.0051949	0.0001084	0	0	0	0	0	0	4.74e-05	0	0	0	0	0	0	0	0	4.63e-05	0	0	0	0	0	0	0	0	0	0	0.0001548	0	0	0	0	0	0.0044518	0	7e-06	0	0	0.000836	0.0011823	0.0044775	0.0001298	0	0	0.0009485	0	0	0	0.0042291	0	0.0001095	4.4e-06	0	0	0	5.48e-05	0	0.0001231	0	0	0	0.0011134	0	0.0003472	0.0092787	0	0	0	0
MSM79H8D	3e-05	0.1465943	0	0.0312551	0.0350712	0	4.31e-05	0	0.002144	0.0042465	0	0.0005099	0	3.5e-05	0.0009012	0.0007889	0.0003353	0.0002046	0.0001958	0.0001408	0.0005268	0.0034263	0.0006862	0.0024856	0.0004485	0	5.99e-05	0.0004734	0	0	0.0001009	0	4.28e-05	0.074085	0.0395126	9.32e-05	0.0004687	0.0001806	0.0456583	0.0015774	0	0.0343589	3.61e-05	0.0010923	0	6.92e-05	0	0	0.2997341	0	0.0272831	0	0	3.9e-05	0	0	0.0527091	0	0.0012687	0	0.0819328	0	0	0	0	0	0	0.0230531	0.0010496	0.0131808	0	0.0037305	0	0.0003236	0.0012949	0	0	0	0	0.0132034	0.0031181	0.0094653	0	0	6.13e-05	0.0004448	2.04e-05	0.0004126	0.0013011	0.0010533	0	0	0	0.0001048	0	0	1.04e-05	0	1.74e-05	0	0	0	0.0002676	0	0	0.0150823	0.001162	0	2.01e-05	0.0004649	0.0009388	0	0.0110111	0	0	0	0	0	0	0.0001553	0	0	0	0	0	0	0
MSM79H94_P	0.3675931	0.0358752	0.0712238	0.0022384	5.31e-05	0.0001157	0.0001908	0.0348141	0	0.0043687	0.0010875	0	0	0.000113	0	0	0	0.000224	0	0	0.0003412	1.74e-05	0.0001018	0	0	0	0	0	0.0012941	7.17e-05	0	0.000112	0	0.0614637	0.024391	0	0	0	0	0	0.3214908	6.06e-05	1.9e-05	0	0	0	0	0.057027	0.000169	0	0	0	0	0	0	0	0	0	4.44e-05	0	0	0	0.0027397	0	0	0	0	0	0	7.62e-05	0.0023738	0	0	0.0002093	0.0001564	2.76e-05	0.0001293	0	0	0	0	0.0037318	0.0005064	0	0	0	0	0	0	0	0	0	0	0	0	0	0	0	0	0	0	0	0	0	0	9.74e-05	0.0006752	0.0006659	0	0	0	0	0	0	0	0	4.17e-05	0	0.0025314	0	0	0	0	0	0	0	0
MSM9VZFJ_P	0.3540051	0.1883051	0.0110443	0.0491392	0.0154213	0.0374991	0	0.001874	0.0027821	0.0019673	0	0.0017167	0	0	0.0008791	0.0005656	0	0	0	0.0001422	0.0022808	0.0012728	0.0006177	0.0058201	0	0	1.24e-05	0.0002298	0.0012819	0	0	0.0033411	0	0.1069834	0.0203286	0.0001871	5.77e-05	0	0.0274696	0.006243	0.0273646	0.0100828	0	1.6e-05	0.0042679	2.44e-05	0	0.027131	0.0004665	0	0.0116583	0	0	0.0006696	0	0	0	0.0084682	0.0003938	0	0	0.0002333	0.0002115	0	0	0	0	0.0096902	0.0002368	0	0.0010139	0.0061347	0.0230253	0.0020226	0	0	2.14e-05	0	0.0001389	7.16e-05	0	0.0120996	5.06e-05	0	0	0.0011416	2.59e-05	0.0003185	0.00113	5.26e-05	3.43e-05	0.0058676	0	0	1.3e-05	0	0	0	0	0	0	0	0	0	0	4.97e-05	0.0005328	0.0007667	0	9.35e-05	0	5.93e-05	0	0	0.0002334	0	0	5.53e-05	0.000562	0.0007061	0	0.0007236	0	0	0	0	0
MSM9VZN4_P	0.030972	0.0164952	0.0019435	0.0611103	0.0071936	0.0332202	0	0	0.0003392	0.000505	0	0.004221	0	0	0	0	0	0.0058908	0	0	0.0001334	0	0.0002027	0.001741	0	0	0	0.0218224	0	0	0	0.0383535	0	0.0003112	0.0030305	0.0327454	0	0	0.0075915	0.0005385	0	0.0681156	0	0	0.0325445	0	0	0.0041441	0.1548	0	0.0092287	0	0	0.0007943	0	0	0	0.0285974	0.0021	0	0	0	0	0	0	0	0	0	2.39e-05	0	0	0	0	0.0018033	7.4e-05	0	0	0	0	0	0	0.0092213	0	0	0	0	0	0	0.0013165	0.0001413	0	0.0781686	0	0	0.0012139	0	0.0015481	0.0007394	0.0002342	0.0001669	0	0	0	0.1683841	0.026706	0	0.0046313	0	0	0	0	0	0	0	0	0	0	0	0	0	0	0	0	0	0.1157032	0.0131034	0
MSM9VZLX_P	0.3575807	0.0568975	0.0806452	0.0701831	0	0.0237306	0	0	4.01e-05	0.0071518	0	0	0	0	0	0.0001097	1.14e-05	0.000876	0	0	0.0003964	0	0.0001206	0	0	0	0	0	0	0	0	0.2646387	0	0	0	0.0001795	0	0	0.0561171	0.000362	0	0.0169579	0.0008965	0	9.51e-05	0	0	0	0.0003187	0	0.0052411	0	0	0	0	0	0	0.0005447	4.31e-05	0	0	0	0	0	0	0	0	0	8.2e-06	0.0374225	0	0.0047439	0	0	0.0006235	0	0	0	0	0	0	0.0110796	0	0	0	6.15e-05	0.0001597	0.001599	0	0	0	0.0005895	0	0	0	0	0.0003413	0	0	0	0	0	0	0	0	0	0.000171	0	0	0	0	0	0	0	0	0	0	0	0	0	0	0	0	0	0	0	0
MSM9VZLZ	0	0	0	0	0	0	0	0	0	0	0	0	0	0	0	0	0	0	0	0	0	0	0	0	0	0	0	0	0	0	0	0	0	0	0	0	0	0	0	0	0	0	0	0	0	0	0	0	0	0	0	0	0	0	0	0	0	0	0	0	0	0	0	0	0	0	0	0	0	0	0	0	0	0	0	0	0	0	0	0	0	0	0	0	0	0	0	0	0	0	0	0	0	0	0	0	0.0047933	0	0.4541955	0	0	0	0	0	0	0	0	0	0.0127479	0	0	0	0	0	0	0	0	0	0	0	0	0	0	0	0	0	0
MSM9VZMM	0.2158025	0.1938011	0.0847661	0.0439895	0	0.0048771	0	0	0.0005144	0.0014158	0	0	0	0	6.95e-05	0	0	8.15e-05	0	0.0001033	2.58e-05	0	0	0.0004677	0	0	0	0	0	0	0	0.088399	0	0.0264413	0.0026789	0.0006378	0.0002872	0.006342	0.0045697	0.001127	0.054303	0	2.12e-05	0	0.0032179	0	0	0.0451057	0.1048827	0	8.64e-05	0	0	0.0003563	0	0	0	0.0053572	1.25e-05	0	0	0.0002225	0	0	0	0	0	0.0209938	0	0.0330013	0	0	0	0	0.0002264	0	0	0	0	0.0127491	0.0003261	0.0091059	0	0	0	1.26e-05	0	0	0.0001738	0	0	0.0029731	0	0	0	0	0.0002516	0	6.23e-05	5e-05	0	0	0	0	0	0	0.0017569	0	0	0	0	0	0.0207041	1.06e-05	0	0	0	0	0	0	0	0	0	0.0002089	0	0	0
MSM9VZM4_P	0.0022206	0.4222376	0	0.0867981	0.1036716	0	0	0.1645985	0.0106809	0	0	0	0	0.0138124	0	0	0	0	0	0	0.0144896	0	0	0	0	0	0	0	0	0	0	0	0	0.0422087	0	0.0116561	0	0	0	0.0048728	0.0036823	0.0181474	0.0050416	0	0	0	0	0	0.008995	0	0.0014319	0	0	0	0	0	0	0.0069166	0	0	0	0	0.0011918	0	0	0	0	0	0	0	0	0	0	0	0	0	0	0	0	0	0	0.0089674	0	0	0	0	0	0	0	0	0	0	0	0	0	0	0	0	0	0	0	0	0	0	0	0	0	0	0	0	0	0	0	0	0	0	0	0	0	0	0	0	0	0	0	0	0
MSM9VZJJ_P	0.3358986	0.2827045	0.0151408	0.0333385	0.0412402	0	0.0019253	0	0.0021815	0.0068888	0.0095474	0	0	0.0056589	0	8.73e-05	0.0016158	0.0048883	0.0001864	0.0016147	0.0015058	0	0.0001228	0	0	0.0004193	4.2e-06	0.0001233	0.0421719	0.0001721	0.0010459	0	0	0	0.0565179	0.0004664	1.37e-05	0	0	0	0	0.0078847	4.17e-05	0	0.0003339	0.0008176	0.0013367	0.0440334	0	0.0002228	0.0047949	0	0	0	0	0	0	0	0	0	0	0	0	0	0	0	0	0.0298194	0.0009806	0	0	0	0	0.0063998	0	0	0	0	0	0.0013386	0	0.0066163	0	0	8.2e-05	0	0	0	0.000198	0	0	0.0005298	0	0.0001606	0	0	0	0	0.0001905	0	0	0	0	0	0	0	0.0037073	0	0	0	0.0013391	0	0.0284745	0	0	0	0	0	0	0	0	0	0	0	0	0	0
MSM9VZJF_P	0.0508351	0.0021908	0.0004747	0.2064951	0.076991	0.0262923	0	0.0027788	0.0012595	0.0044958	0	0	0	0	0.0806196	0.000417	7.1e-06	0	0	0	0.0178915	0	0.0010623	0.0004912	0	0	0	0.0014367	0.0122846	0	0.0004516	0.0050358	0	0.000626	0.0063407	0.0575111	5.14e-05	0.0017009	0.0041837	0.0149859	0	0.0031142	0	0.0092174	0.0330106	0	0	0	0.0009777	0	0.0212102	0	0	0.0407872	0	0	0	0	0.0115731	0	0	0	0.1052876	0	0	0	5.7e-05	0	0.0001976	0	0	0	0	0	0	0	0	0	0	6.2e-06	0	0.0058556	0.0001253	0	0.0007706	0.0109249	0.0001184	9.71e-05	0	0.004793	0	0.0102618	0	0.000353	0	0	0	0	0	0	0.0002922	0	0	0	0.002666	0.0004493	0.0001895	0.0001992	0	0.0050591	0	0	0	0.0002047	0	0	0	0	0	0	0	0	0	0.0347464	0	0	0.0023224
MSM9VZL5	0.1621488	0.1303806	0.0083483	0.0993562	0	0.0123366	0	0	0.0016964	0.0003267	0.0001975	0.0197503	0	3.04e-05	0.0013215	0.0001441	0	0.0031947	0	0	0.0008113	0	6.86e-05	0.0012237	0	0	0	0.0001983	0	0	0	0.0953597	0	0.0342176	0	0.0004874	0.0005718	0	0.0378706	0.0061044	0	0.0217025	0	0.000348	0	0.0003074	0	0.0033892	0.034384	0	0.0034692	0	0	0.0009065	0	0	0	0.091487	0.0001278	0	0	0	0	0	0	0	0	0.0090523	0.0002776	0.0011015	2.32e-05	0	0	0.0003373	0.0007076	0	0	0.0001673	0	0.0051918	0	0.0069614	0	0	1.25e-05	0	0	0	0.0003662	0.0014003	0	0.0025339	0	0	0	0	0	0	0	0	0	0	0	0.1922822	0	0	8.23e-05	0	9.03e-05	4.8e-06	0.0021143	0	0	0	0.0001244	0	0	0	0	0.0001689	0	0	0	0	0	0	0.0003053
MSMA267V	0.0674747	0.0131418	0.0036567	0.1477338	0.0492417	0.0112283	0	0	0.0229126	0.0005697	0	0.0008115	0	0	0.0435405	0.0024548	0	0.0027145	0	0	0.0218149	0	7.38e-05	0.0020025	0	0	0	0.0021814	0	0	0	0.0341867	0.0001143	0.0327688	0.0112839	0.0018391	0.0031478	0.2532786	0.0070526	0.0044696	0.0005405	0.0101293	0.0016563	0.0052227	0.0022619	0.0006323	0	0.0025612	0.0103363	0	0.0003956	0.000775	0	0.0008788	0	4.8e-06	0	0.0183765	0.0059769	0	0	0.0010351	0	0	0	0	0	0.0124425	0.0031574	0.0204055	0.0026622	0.001845	0	0	0	0.000167	0.0002001	0.000276	0	0.0045308	0.0084418	0.0073582	0.0002779	0.0016198	0.0006381	0.0027329	0.001341	0	0.0030313	0.0033936	0	0.0062933	0.0002893	0	0	0	0	0	0	0	1.92e-05	0	0	0	0.0091219	0	0.0042807	0.0004183	8.64e-05	0.0022152	0	0	0.0149996	0	0	0	0	0	0	0.0007081	0	0.0007158	0.023738	0	0	0.0032221	0.0001439
PSM6XBQM_P	0.2553082	0.1571246	0.0019461	0.2214348	0	0.0290291	0	0	0.0004274	0.0010498	4.68e-05	0	0	0	0	0	0	0.0002286	0	0	4.09e-05	0	0	0	0	0	0	0.0036571	0	0	0	0.0002345	0	0.0094807	0.0218721	0	0	0	0	0.0029453	0.002823	0.0060141	0	0	0	0	0	0.040181	0.0517713	0	0.0001696	0	0	0.0019841	0	0	0.0389632	0	0.0010124	0	0.0227788	0	0.0007642	0	0.0067572	0	0	0	0	0	0	0	0	0	4.15e-05	0	0	0	0	0.0044972	0	0.0033969	0	0	0	0.000439	0	0	0	0.0001972	0	0.0040337	0	0	0	0	0.0039585	0.0001568	0.0041128	0.0001778	0.0001632	0	0.0570389	0	0	0	0.0004724	0	0	0	0	0	0.0224402	0.0003768	0	8.78e-05	0.0017799	0	0	0	0	0.0004045	0	0	0	0	0
PSM6XBRK_TR	0.3507754	0.0829165	0.0013642	0.0460712	0.0234767	0.0172555	0	0	0.0036087	0.0029311	0	0	0	0.000309	0.0024213	0	0	0	0	0	0.0004744	0.004534	6.34e-05	2.97e-05	0	0	0	5.87e-05	0	0	0	0.1286172	0	0	0.0421777	0.0012475	0.0002913	0	0.0044562	0.0107421	0	0.0300169	0.0001411	0.0001392	0.0005694	0	0	0.002278	0.014815	0	0.0188796	0	0.0135612	0	0	0	0.0296956	0	0.0028375	0	0	0.0004891	0	0	0	0	0	0.0060439	0	0	0	0.0121184	0.0177227	0	0.000406	0	0	0	0	1.13e-05	0	0	0.0002961	0	0	0.008775	0	0	0.0009184	0.0001555	0	0	0	0	0	0	0	0	0.0005442	0	0	0	2.28e-05	0	0.0037748	0	0.0001949	0.0002971	0	0.0018493	5.93e-05	0.0016272	0.0245147	0	0	0	0	0	0	0.0220433	0.0002602	0.0052812	0	0.0533147	0	0.0001677	0.0001763
PSM6XBRK	0.3785112	0.0930591	0.0003971	0.0460837	0.0170907	0.0160223	0	0	0.0030838	0.0017486	0	0	0	0.0001984	0.0025504	0	0	1.39e-05	0	0	0.0003341	0.0034247	6.2e-06	4.8e-05	0	0	0	0.0001818	0	0	0	0.1247792	0	0	0.0517564	0.0023782	4.44e-05	0	0.00687	0.0070556	0	0.03737	0.0001817	0	0.0011989	0	0	0.0024115	0.0126584	0	0.0183639	0	0.0170681	1.34e-05	0	0	0.027948	0	0.0007488	0	0	0.0010325	0	0	0	0	0	0.0048954	4.67e-05	0	0	0.0052128	0.0195107	0	0.0001273	0	0	0	0	0	0	0	0.0004321	0	0	0.0026588	2.26e-05	0	0.001117	0.0007091	0	0	0	0	0	0	0	9.59e-05	0.0003319	3.57e-05	0	0	1.35e-05	0	0.0050344	0	0.0002487	0.000579	0	0.0005316	0.0001397	0.0014573	0.0277083	0	0	0	0	0	0	0.0096949	8.26e-05	0.0007959	0	0.041	0	0.0001091	8.49e-05
PSM6XBRK_P	0.3581165	0.1010458	0.0008464	0.0533786	0.0160811	0.0175674	0	0	0.0019221	0.002815	0	0	0	0.0002578	0.0014696	0.0003216	0	0	0	0	0.0009481	0.0037152	0.0002911	0.0002326	0	0	0	0.0003668	0	0	0	0.1389122	0	0.0001017	0.0457883	0.0013385	0.0004412	0	0.0064444	0.0110298	0	0.0396036	0.0001207	3.94e-05	0.0007063	0	0	0.0030948	0.0142403	0	0.0004145	0	0.0174343	7.35e-05	0	0	0.0400444	0	0.0011166	0	0	0.0012363	5.19e-05	0	0	0	0	0.0060474	0.0006089	0	0	0.0056203	0.0080721	0	0.0002279	0	0	0	0	0	0	0	0.0006707	0	0	0.0027312	0.0002211	0	0.001763	0.0003405	0	0	0	0	8.8e-06	0	0	9.27e-05	0.0005224	6.8e-06	0	0	4.8e-05	0	0.0054415	0	0.0005078	0.0007646	0	0.0013141	0.0002521	0.0009187	0.028133	0	0	0	0	0.0001504	0	0.0065656	0.0003304	0.0030192	0	0.0402644	0	0.0001954	0.0002546
PSM6XBRM_P	0.2643555	0.1290234	0	0.0186143	0.031778	0	0	0.0757458	0.0002988	0	0.0044681	0	0	0.0013928	0.0007609	0	0	0	0	0	0.000895	0	4.6e-06	0	0	0	0	0	0.000143	0	0	9.23e-05	0	0.0439813	0.0152589	0	0.000116	0	0	0.0003868	0.0132355	0.0111997	0	5.63e-05	0.0103432	0	0	0.142257	0.0230012	0	0	0	0	0.0043956	0	0	0.1548108	0	0.0005536	0	0	0	0	0	0	0	0	0	0.0020022	0	0	0	0	0	0.0001076	0	0	0	0	0.0007642	0.0014694	0.0375532	0	0	0	0.0005204	2.84e-05	0	0.0008631	0	0	0.0056756	0	0	0	0	0.0007584	7.62e-05	0	9.05e-05	4.24e-05	0	0.0001546	0	0	0	0.0004692	0	0	0	0	0	0	0	0	0	0	0	0	0	0	0.0002171	6.62e-05	0	0	0	0
PSM6XBSE	0.3198325	0.005233	0.001764	0.1637472	0	0.0033405	0	0.0540555	0.0093637	0.0011089	0	0	0	0.0307159	0.0037792	0.0003591	3.05e-05	0.0133183	0	0	0.0127041	0	0	0	0	1.39e-05	0	0.0002125	0	0	0	0	0	0	0.0018259	0.0020482	0.0023652	0	0	0.0453024	0	0.004274	0	0	0	0	0	0	0	0	0.1070679	0	0.0003394	0	0	0	0	0.1590133	0	0	0	0	0	0	0	0	0.0063358	0.0051563	0.0154924	0	0	0	0	0	0	0	0	0	0	0	0	0	0	0	0	0	0	0	0	0.0024562	0	0	0	0	0	0	0.0001109	0.0020801	0.003314	0.0010531	0.000499	0	0.0021769	0	0	0.0186735	0	0	0.0001967	8.21e-05	0	0	0	0	0	0	0	0	0	0.000558	0	0	0	0	0	0	0
PSM6XBSE_P	0.3621062	0.0151521	0.0048546	0.1169586	0	0.0109621	0	0.0926139	0.0037784	0.0021004	0	0	0	0.0119062	0.0013441	0.0002939	1.05e-05	0.0073662	0	0	0.0061596	0	0	0	0	0.0004088	0	0.0002679	0	0	0	9.92e-05	0	0	0.008164	0.0037959	0.0007207	0	0.0003021	0.0364669	0	0.0208539	0	0	0	0	0	0	0	0	0.059781	0	0.0075009	0	0	0	0	0.1133153	0	0	0	0	0	0	0	0	0.0040543	0.0338534	0.0064685	0	0	0	0	0	0	0	0	0	0	0.004155	0	0.0065763	0	0	0	4.46e-05	0	0	0	0.001081	0	0	0	0	0	0	0.0001411	0.0011421	0.0032998	0.0003784	0.0003005	0	0.0020692	0	0	0.0472843	5.9e-06	0	0	0.0002183	0	0	0	0	0	0	0	0	0	0.0016438	0	0	0	0	0	0	0
PSM6XBSG_P	0.2711665	0.0282255	0.0776432	0.1226965	0.0032331	0.0924671	0	0	0.0121702	0.0004857	0	0	0	0.0008567	0.0008395	0	0	0	0	0.0004728	9.15e-05	0	0	0	0	0	0	0.0010679	0	0	0	0.0218993	0	0.0032038	0.0324089	0.0059932	0.0002916	0.0039774	0.0005572	0.0036721	0.0010388	0.0351252	0.0060037	0	0.0041432	0	0	0.0036028	0.0246241	0	0.0154162	0	0	0	0	0	0	0.0020076	0.0002738	0	0	0	0.1516791	0	0	0	0	0	0	0.001398	0	0	0	0	0	0	0.0002793	0	0	0.0021946	0	0	0	0	0	0	0	0	0	0.0005115	0	0	0	0	0	0	0	0	0	0	0	0	0	0.0029395	0.0027835	0	0	0	0.0001582	0	0	0	0.0005834	0	0	0	0	0	0	0	0	0	0	0	0.0010659	0	0
PSM6XBTR	0.3725997	0.1531377	0	0.0228063	0.0034072	0.0131907	0	0.0019219	0.001013	0.0005228	0.0006647	0.001039	0	0	0.0002601	0	0	0	0	2.72e-05	2.37e-05	0	6.98e-05	0.0001733	0	0	0	0	0	0	0	0.2260078	0	0.0193526	0.025313	0.0023666	0	3.04e-05	0.0164825	0.0007177	0	0.0024361	1.72e-05	0.0059324	0.003078	0	0	0.0125343	0.0211396	0	0.0164937	0	0	0.0001363	0	0	0.0191057	0	0	0	0	0	0	0	0	0	0	0	0	0.0342582	1.41e-05	0	0.0001632	0.0001504	0.000228	0	0.000194	0	0	0.005004	0.0013037	0.011876	0	0.0001744	0.0003406	0.0001038	0.0003507	0	0.0005001	8.3e-06	0	0.0006435	0	0	0	0	0	0	0	0	0	0	0	0	0	0	0.0019489	0	0	0	0	0	0	0	0	0	0	0	0	0	6.73e-05	0	0	0	0	0	0
PSM6XBVY_P	0.1844445	0.043772	0.0264841	0.0452048	0.0072758	0.0168808	0.0001148	0.0032197	0	0.0020493	0	0	0.0002337	0.0008132	0	0.0001547	0.0013553	0	0	0	0	0	0.0001477	0	0.0075009	0.0002725	4.79e-05	0	0	0.0103043	0	0.1726924	0	0.1120704	0.1488623	0	0	0.0020617	0.0119445	0	0	0.0143882	0.0014418	0	0	0.0002235	0	0.0149544	0	0.000356	0	0.0008674	0.0390156	0	0	0	0	0	0	0.0160292	0	0.0040453	0	0	0	0	0	0	0.0069447	0	0.0030351	0.0006646	0	0	0.000334	0.0004208	5.49e-05	0	0	0	0.0422275	0.0182179	0	0	0.0007786	0.004121	0	0	0.0035336	0	0	0	0	0	0	0	0.00629	0	0.0005374	0	0.0044727	0	0.0062056	0.0035314	0	0	0.0010581	0	0	0	0	0	0	0	0	0	0	0	0	0	0	0	0	0	0	0	0
PSM6XBW1_P	0.0910376	0.0426139	0.0013013	0.0503276	0.0002976	0.0173185	0	0.0101934	0.0052559	0.0010256	0	9.9e-06	0	0.0026306	0.0017521	0.001654	0.000108	0.0005856	0	2.74e-05	0.0069492	0	0.0004225	0.0002241	0	4.12e-05	9.5e-05	8.1e-05	0	0	0	0.0030853	0	0.0559573	0.0294141	9.55e-05	0.0025544	0.0005575	9.81e-05	0.0023363	0	0.0085025	0.0030944	0	2.94e-05	0.0028498	0	0.0006109	0.0005767	0	0.0050244	8.29e-05	0	0.0012513	0.0005038	0	0.0101742	0.0004311	0	0	0.0160115	0.0009403	0.5451883	0	0	0.0001411	0	0.0247459	7.06e-05	0.0007145	7.76e-05	0.0150463	0	8.22e-05	0.0002645	0	0	0.0004388	0	0.0034559	0	0.0110562	0	0	0	0.0007614	0	0	0.0007711	0.0004215	0.0004411	0.0018184	0	0	0	0	0.000153	0	6.72e-05	0	0	0	0	0.0001295	0.0032227	0.00038	0.0014067	0	0	0.0002129	0	0	9.15e-05	0	0	0	0	0	0	0	0	0.003006	0	0.0001451	0.0001212	0	0.0006428
PSM6XBW3	0	0	0	0	0	0	0.0208434	0	0	0.0568431	0	0	0	0.2326642	0	0	0.0354078	0	0	0	0	0	0.1707293	0	0	0.015875	0	0	0.1640811	0	0	0	0	0	0	0	0.011628	0.0056704	0	0	0	0	0.005549	0	0	0	0	0	0	0	0	0	0	0	0	0.0003149	0	0	0	0	0	0	0	0	0	0	0.0067904	0	0	0	0	0	0	0	0	0	0	0	0.0037943	0	0	0	0	0	0	0	0	0	0	0	0	0	0.0801763	0	0	0.0537078	0.0006326	0.0274885	0.0760003	0.0088085	0.0005787	0	0.0002783	0	0	0	0	0	0	0	0	0	0	0.0002785	0	0.0027456	0	0	0	0	0	0	0	0	0	0	0
PSM7J1BJ	0	0	0	0	0	0	0.0174509	0	0	0.0122418	0	0	0	0.0019545	0	0	0	0	0	0	0	0	0	0	0	0	0	0	0.0834694	0	0	0	0	0	0	0	0.0173602	0	0	0	0	0	0	0	0	0	0	0	0	0	0	0	0	0	0	0	0	0	0	0	0	0	0	0	0.0019489	0.0049357	0.0117328	0	0	0	0	0	0	0	0	0	0	0	0	0	0	0	0	0	0	0	0	0	0	0	0	0	0	0	0	0	0.1950933	0.208161	0.0603106	0.0411572	0.0009381	0	0.01859	0	0	0	0	0	0	0	0	0	0	0.0047996	0	0.0001594	0	0	0	0	0	0	0	0	0	0	0
PSM7J1BV	0.1490741	0.0375378	0.0001285	0.0120084	0.0173391	0.0152453	0	0.0002171	0.0018918	0	0	0	0	0	0.0012738	0.0010736	0	0.0036755	0	0	0.0016054	0	0	0	0	0	0	1.4e-05	0	0	0	0.3002975	0	0.0217586	0.0106235	5.3e-06	0.0010502	0	0.0547291	0.0009906	0.0011406	0.0275683	8.59e-05	0.0010407	0.0009635	0	0	0.0002498	0.0202525	0	0.0008121	0	0	1.54e-05	0	0	0.0148395	0.0014977	0.0008142	0	0.062984	0	0	0	0	0	0	0.0287897	0.0007878	0	0.0001078	0.0004454	0	0	0.0001327	0	0	1.95e-05	0	0.000112	0.0033948	0.0075774	0	0	0	0.0003274	0	0	0.0012769	0.0001269	0	0.005813	0	0	0	0	0	0	0	0	0	0	0	0	0	0	0.0023488	0	0	0	0	0	0	0	0	0	0	0	0	0	0.0005891	0	0	0	0	0	0
PSM7J1B3_P	0.111959	0.0335242	0.0188405	0.0185292	0.0087241	0.0147204	0	0.0047516	0.000311	0.0015958	0.0006342	0.0004725	0	0.0002099	0.0002057	5e-06	0	0	0	0.0002715	0.0004147	0	0.0001594	0.0001832	0	0	0	0	0.2553446	0	0	0.0119886	0	0.013955	0.0146241	0	0.0208427	0.0015369	0.0030558	0.000348	0.0507637	0.0021963	2.67e-05	0.0004104	0.0034616	0.0001772	0	0.0150507	0.0085161	0	0.0052697	0	0.00013	9e-06	0.0016567	0	0.0005584	0.0005924	8.47e-05	0.000445	0.0018818	0.0001305	0.2214441	0	0.0094074	0	0	0.0014778	0.00098	0.0079947	0.0003557	0.0003779	3.98e-05	0	0	2.21e-05	0	0	0	0.0018735	0	0.0012646	9.85e-05	0	0	0.0005036	0	0	0	0	0	0.0002213	0	0	0	0	0.0003218	0	0	0	0.0002703	0	0	0.002672	0.0027814	0.0099512	0.0004724	1.57e-05	0	0	0	0	0.0003315	0.000199	0	0	0.0014436	0	0.0001693	0	0	0.0058951	0.00481	9.04e-05	0.0013369	0	0
PSM7J13I	0	0.3163281	0.1174475	0.0331181	0	0.0905697	0	0.0216595	0.0002991	0.0141869	0	0	0	0.0006302	0.000813	0	0.0005248	0	0	0	0.0047952	0	0.0003049	0.0003059	0	0	0	8.91e-05	0	0.0011193	0	0	0	0.0409543	0.0239461	0	0	0	0	0	0	0	0.0001534	0	0	0	0.0008373	0.0557906	0.1951542	6.45e-05	9.01e-05	0	0	0.0101618	0	0	0	0	0	0	0	0	0	0	0	0	0	0	1.82e-05	0	0	0	0	0.0044807	0	0	0	0	0	0.0100549	0	0.0253539	0	0	0.0020207	0.001466	0	0.000161	0	0.0017499	0	0	0	3.6e-06	0	0	0	0	0.0009169	0	0	0	0.0184231	0	0	0	0.0022996	0	0	0.0001324	0	0	0	0	0	0	0	0	0	0	0	0	0	0	0	0	0
PSMA264O	0.0690554	0.0139174	0.0191675	0.0545849	0.0389853	0.0576393	0	0	0	0.0070433	0.0014993	0	0	0.0005679	0	0	0.0001703	0.0014746	0	0	0.0019253	0	0	0	0.0001554	0.0008508	0	0	0	0	0	0.0061806	0	0	0.0107988	0.0145305	0.0004838	0	0.0040547	0.0134232	0	0.0093903	0.0001698	0.0027736	0.0025501	0	0	0.0002922	0	0	0.0017723	0	0	0	0	0	0	0.0014478	0	0	0	0	0.6299708	0	0	0	0	0	0	0.0141063	0	0	0	0	0	0	0	0.0002433	0	0	0	0	0	0	0	0	0	0	0	0.0002786	0	0	0	0	0	0	0.0008789	0.0003256	0.0011759	4.75e-05	0	0	0.0002111	0	0	0	0	0	0	0	0	0	0.0084915	0	0	0	0	0	0	0	0	0	0	0	0	0	0
PSM7J4EF	0.000518	0.0570478	0	0.0851291	0	0	0	0.0839342	0.014283	0	0.0179462	0	0	0	0.0184215	0	0	0	0	0	0.0031086	0	0	0	0	0	0	0.0003135	0.0169069	0	0	0	0	0.0160372	0.0123077	0	0.0005909	0	0	0	0	0.0272254	0	0	0.0098172	0	0	0	0.3583305	0	0.0080391	0	0	0.0017581	0	0	0	0	0.0002833	0	0	3.9e-05	0	0	0	0	0	0	0.0094332	0	0.0544544	0	0.0813753	0	0	0.0158913	0.0593564	0	0	0	0	0.0014706	0	0	0	0.0025567	0	0	0	0.0038371	0	0	0	0	0	0	0.0033007	0.0017785	0.000162	0	0	0	0	0	0	0.0212434	0	0	0	0.0005139	0	0	0	0	0	0	0	0	0	0	0	0	0	0	0	0	0
PSMA265X	0.4736937	0.1694818	0.0083971	0.1006162	0	0	0	0.0901267	0.0096276	0.0125287	0	0	0	3.29e-05	0	0.0010105	5.91e-05	0	0	0	0.0045349	0.0047806	0.0001078	0	0	0.0002701	0	0	0.0001153	0.0002813	0	0	2.42e-05	0	0.0129342	0	0.003421	0	0.0184379	0.0001855	0	0.0025183	0.0003783	0	0.0029467	3.99e-05	0	0	0	0	0.0117472	0	0	0.008831	0	0	0	0.0070394	0	0.0158497	0	0.0016867	0	0	0	0	0	0	0.0016665	0	0	0	0	0.0062922	0.0002354	0	0	0.0003509	0	0.0129684	0	0	0	0	0	0	0	0	0.0019178	0.0024038	0.0026678	0	0	0.0013418	0	0	7.24e-05	0	0	0	0	0	0	0	0	0	0	0	0	0.0001805	0	0	0	0	0	0	0	0	0	0.0041994	0	0	0	0	0	0	0
